"Entry","biological_process","molecular_function","cellular_component","Location"
"Q8DW96","Unannotated","DNA binding [GO:0003677]; toxin sequestering activity [GO:0097351]","Unannotated","Shared"
"Q8CVC7","Unannotated","Unannotated","Unannotated","Shared"
"P13470","glucan biosynthetic process [GO:0009250]","dextransucrase activity [GO:0047849]; glucosyltransferase activity [GO:0046527]","extracellular region [GO:0005576]","Supernatant"
"Q8DWI5","Unannotated","Unannotated","Unannotated","Supernatant"
"Q8DWM3","single-species biofilm formation on inanimate substrate [GO:0044011]","hydrolase activity [GO:0016787]","Unannotated","Shared"
"I6L8Y8","Unannotated","Unannotated","Unannotated","Shared"
"Q8DUR6","Unannotated","oxidoreductase activity, acting on the CH-OH group of donors, NAD or NADP as acceptor [GO:0016616]","Unannotated","Shared"
"Q8DRS2","Unannotated","Unannotated","Unannotated","Supernatant"
"Q8DTS9","glycolytic process [GO:0006096]","magnesium ion binding [GO:0000287]; phosphopyruvate hydratase activity [GO:0004634]; zymogen binding [GO:0035375]","cell surface [GO:0009986]; cytoplasm [GO:0005737]; extracellular region [GO:0005576]; peptidoglycan-based cell wall [GO:0009274]; phosphopyruvate hydratase complex [GO:0000015]","Shared"
"P23504","endoplasmic reticulum to Golgi vesicle-mediated transport [GO:0006888]; intracellular protein transport [GO:0006886]; membrane fusion [GO:0061025]","Unannotated","ER to Golgi transport vesicle membrane [GO:0012507]; extracellular region [GO:0005576]","Shared"
"Q8DVV2","gluconeogenesis [GO:0006094]; glycolytic process [GO:0006096]; phosphorylation [GO:0016310]","ADP binding [GO:0043531]; ATP binding [GO:0005524]; phosphoglycerate kinase activity [GO:0004618]","cytosol [GO:0005829]","Shared"
"Q9XB21","chromosome condensation [GO:0030261]","DNA binding [GO:0003677]; structural constituent of chromatin [GO:0030527]","cytosol [GO:0005829]","Shared"
"Q8DV45","arginine biosynthetic process [GO:0006526]; ornithine biosynthetic process [GO:0006592]","glutamate N-acetyltransferase activity [GO:0004358]; L-glutamate N-acetyltransferase activity [GO:0004042]","cytoplasm [GO:0005737]","Supernatant"
"P11701","carbohydrate utilization [GO:0009758]","levansucrase activity [GO:0050053]; metal ion binding [GO:0046872]","cell surface [GO:0009986]; plasma membrane [GO:0005886]","Shared"
"Q8DVV3","glucose metabolic process [GO:0006006]","glyceraldehyde-3-phosphate dehydrogenase (NAD+) (phosphorylating) activity [GO:0004365]; NAD binding [GO:0051287]; NADP binding [GO:0050661]","cytoplasm [GO:0005737]","Shared"
"Q8DRV2","Unannotated","Unannotated","Unannotated","Supernatant"
"Q8DVV3","glucose metabolic process [GO:0006006]","glyceraldehyde-3-phosphate dehydrogenase (NAD+) (phosphorylating) activity [GO:0004365]; NAD binding [GO:0051287]; NADP binding [GO:0050661]","cytoplasm [GO:0005737]","Shared"
"Q8DTS9","glycolytic process [GO:0006096]","magnesium ion binding [GO:0000287]; phosphopyruvate hydratase activity [GO:0004634]; zymogen binding [GO:0035375]","cell surface [GO:0009986]; cytoplasm [GO:0005737]; extracellular region [GO:0005576]; peptidoglycan-based cell wall [GO:0009274]; phosphopyruvate hydratase complex [GO:0000015]","Shared"
"P72483","Unannotated","GTP binding [GO:0005525]; GTPase activity [GO:0003924]; translation elongation factor activity [GO:0003746]","cytosol [GO:0005829]","Intracellular"
"O06942","Unannotated","ATP binding [GO:0005524]; ATP-dependent protein folding chaperone [GO:0140662]; unfolded protein binding [GO:0051082]","Unannotated","Intracellular"
"Q8DVV2","gluconeogenesis [GO:0006094]; glycolytic process [GO:0006096]; phosphorylation [GO:0016310]","ADP binding [GO:0043531]; ATP binding [GO:0005524]; phosphoglycerate kinase activity [GO:0004618]","cytosol [GO:0005829]","Shared"
"Q8DTX7","phosphorylation [GO:0016310]","ATP binding [GO:0005524]; kinase activity [GO:0016301]; magnesium ion binding [GO:0000287]; potassium ion binding [GO:0030955]; pyruvate kinase activity [GO:0004743]","cytosol [GO:0005829]","Intracellular"
"Q8DUG9","translation [GO:0006412]","mRNA binding [GO:0003729]; structural constituent of ribosome [GO:0003735]","cytosolic large ribosomal subunit [GO:0022625]","Intracellular"
"Q8CWW6","chaperone cofactor-dependent protein refolding [GO:0051085]; protein refolding [GO:0042026]; response to heat [GO:0009408]","ATP binding [GO:0005524]; ATP-dependent protein folding chaperone [GO:0140662]; isomerase activity [GO:0016853]; unfolded protein binding [GO:0051082]","GroEL-GroES complex [GO:1990220]","Intracellular"
"Q8DWG0","fructose 1,6-bisphosphate metabolic process [GO:0030388]; glycolytic process [GO:0006096]","fructose-bisphosphate aldolase activity [GO:0004332]; zinc ion binding [GO:0008270]","Unannotated","Intracellular"
"Q8DW43","isoleucine biosynthetic process [GO:0009097]; valine biosynthetic process [GO:0009099]","ketol-acid reductoisomerase activity [GO:0004455]; magnesium ion binding [GO:0000287]; NADP binding [GO:0050661]","cytosol [GO:0005829]","Intracellular"
"Q8DTW9","translation [GO:0006412]","DNA binding [GO:0003677]; mRNA binding [GO:0003729]; structural constituent of ribosome [GO:0003735]","cytosolic small ribosomal subunit [GO:0022627]","Intracellular"
"Q8DSW7","Unannotated","Unannotated","Unannotated","Intracellular"
"Q8DU72","carbohydrate metabolic process [GO:0005975]; purine ribonucleoside salvage [GO:0006166]","magnesium ion binding [GO:0000287]; phosphopentomutase activity [GO:0008973]","Unannotated","Intracellular"
"G1XVB9","cytoplasmic translation [GO:0002181]","rRNA binding [GO:0019843]; structural constituent of ribosome [GO:0003735]; transferase activity [GO:0016740]","cytosolic large ribosomal subunit [GO:0022625]","Intracellular"
"Q8DVV5","ribosomal small subunit assembly [GO:0000028]; translation [GO:0006412]","mRNA binding [GO:0003729]; rRNA binding [GO:0019843]; structural constituent of ribosome [GO:0003735]; tRNA binding [GO:0000049]","cytosolic small ribosomal subunit [GO:0022627]","Intracellular"
"Q8CWZ6","'de novo' cotranslational protein folding [GO:0051083]; cell division [GO:0051301]; chaperone-mediated protein folding [GO:0061077]; protein transport [GO:0015031]; protein unfolding [GO:0043335]","peptidyl-prolyl cis-trans isomerase activity [GO:0003755]; protein folding chaperone [GO:0044183]; ribosome binding [GO:0043022]","cytoplasm [GO:0005737]","Intracellular"
"Q8DS31","translation [GO:0006412]","rRNA binding [GO:0019843]; structural constituent of ribosome [GO:0003735]","large ribosomal subunit [GO:0015934]","Intracellular"
"Q8DS35","translation [GO:0006412]","rRNA binding [GO:0019843]; structural constituent of ribosome [GO:0003735]; tRNA binding [GO:0000049]","cytosol [GO:0005829]; small ribosomal subunit [GO:0015935]","Intracellular"
"Q8DS21","translation [GO:0006412]","structural constituent of ribosome [GO:0003735]","cytosolic large ribosomal subunit [GO:0022625]","Intracellular"
"Q8DRT8","Unannotated","aldehyde dehydrogenase [NAD(P)+] activity [GO:0004030]; succinate-semialdehyde dehydrogenase (NAD+) activity [GO:0004777]","Unannotated","Intracellular"
"Q59934","glucose metabolic process [GO:0006006]","formate C-acetyltransferase activity [GO:0008861]","cytosol [GO:0005829]","Intracellular"
"Q8DSX9","translation [GO:0006412]","large ribosomal subunit rRNA binding [GO:0070180]; structural constituent of ribosome [GO:0003735]","large ribosomal subunit [GO:0015934]","Intracellular"
"P72484","gluconeogenesis [GO:0006094]; glyceraldehyde-3-phosphate biosynthetic process [GO:0046166]; glycerol catabolic process [GO:0019563]; glycolytic process [GO:0006096]","triose-phosphate isomerase activity [GO:0004807]","cytosol [GO:0005829]","Intracellular"
"Q8DS12","Unannotated","translation elongation factor activity [GO:0003746]","cytoplasm [GO:0005737]","Intracellular"
"Q8DS28","cytoplasmic translation [GO:0002181]","rRNA binding [GO:0019843]; structural constituent of ribosome [GO:0003735]","cytosolic large ribosomal subunit [GO:0022625]","Intracellular"
"Q8DTP5","translation [GO:0006412]","structural constituent of ribosome [GO:0003735]","cytosolic large ribosomal subunit [GO:0022625]","Intracellular"
"Q8DWB9","alcohol metabolic process [GO:0006066]; carbon utilization [GO:0015976]","acetaldehyde dehydrogenase (acetylating) activity [GO:0008774]; alcohol dehydrogenase (NAD+) activity [GO:0004022]; metal ion binding [GO:0046872]","Unannotated","Intracellular"
"Q8DTF9","ribosomal large subunit assembly [GO:0000027]","ATP binding [GO:0005524]; nucleic acid binding [GO:0003676]; RNA helicase activity [GO:0003724]","cytosol [GO:0005829]","Intracellular"
"Q8DUQ4","translation [GO:0006412]","structural constituent of ribosome [GO:0003735]","cytosolic large ribosomal subunit [GO:0022625]","Intracellular"
"Q8DUH2","translation [GO:0006412]","large ribosomal subunit rRNA binding [GO:0070180]; structural constituent of ribosome [GO:0003735]","cytosolic large ribosomal subunit [GO:0022625]","Intracellular"
"Q8DS25","translation [GO:0006412]","rRNA binding [GO:0019843]; structural constituent of ribosome [GO:0003735]; tRNA binding [GO:0000049]","cytosolic large ribosomal subunit [GO:0022625]","Intracellular"
"Q8DVD4","cell division [GO:0051301]","Unannotated","cytoplasm [GO:0005737]","Intracellular"
"P59125","translation [GO:0006412]","rRNA binding [GO:0019843]; structural constituent of ribosome [GO:0003735]","cytoplasm [GO:0005737]; small ribosomal subunit [GO:0015935]","Intracellular"
"Q8DTX6","canonical glycolysis [GO:0061621]; fructose 1,6-bisphosphate metabolic process [GO:0030388]; fructose 6-phosphate metabolic process [GO:0006002]","6-phosphofructokinase activity [GO:0003872]; AMP binding [GO:0016208]; ATP binding [GO:0005524]; fructose-6-phosphate binding [GO:0070095]; identical protein binding [GO:0042802]; metal ion binding [GO:0046872]; monosaccharide binding [GO:0048029]","6-phosphofructokinase complex [GO:0005945]","Intracellular"
"Q9X670","gluconeogenesis [GO:0006094]; glucose 6-phosphate metabolic process [GO:0051156]; glycolytic process [GO:0006096]","carbohydrate derivative binding [GO:0097367]; glucose-6-phosphate isomerase activity [GO:0004347]; monosaccharide binding [GO:0048029]","cytosol [GO:0005829]","Intracellular"
"Q8DS17","translation [GO:0006412]","rRNA binding [GO:0019843]; structural constituent of ribosome [GO:0003735]","ribonucleoprotein complex [GO:1990904]; ribosome [GO:0005840]","Intracellular"
"Q8DS37","translation [GO:0006412]","structural constituent of ribosome [GO:0003735]","cytosolic large ribosomal subunit [GO:0022625]","Intracellular"
"Q8DS29","translation [GO:0006412]","5S rRNA binding [GO:0008097]; structural constituent of ribosome [GO:0003735]","cytosolic large ribosomal subunit [GO:0022625]","Intracellular"
"Q8DSD7","translation [GO:0006412]","small ribosomal subunit rRNA binding [GO:0070181]; structural constituent of ribosome [GO:0003735]","cytoplasm [GO:0005737]; ribonucleoprotein complex [GO:1990904]; ribosome [GO:0005840]","Intracellular"
"Q8DS18","ribosomal small subunit assembly [GO:0000028]; translation [GO:0006412]","rRNA binding [GO:0019843]; structural constituent of ribosome [GO:0003735]","cytosolic small ribosomal subunit [GO:0022627]","Intracellular"
"Q8DSU0","amino acid transport [GO:0006865]","Unannotated","Unannotated","Intracellular"
"Q8DS24","translation [GO:0006412]","rRNA binding [GO:0019843]; structural constituent of ribosome [GO:0003735]","ribonucleoprotein complex [GO:1990904]; ribosome [GO:0005840]","Intracellular"
"Q9XB21","chromosome condensation [GO:0030261]","DNA binding [GO:0003677]; structural constituent of chromatin [GO:0030527]","cytosol [GO:0005829]","Shared"
"G1XVC0","ribosomal large subunit assembly [GO:0000027]; translation [GO:0006412]","rRNA binding [GO:0019843]; structural constituent of ribosome [GO:0003735]","cytosolic large ribosomal subunit [GO:0022625]","Intracellular"
"P59133","ribosomal small subunit biogenesis [GO:0042274]; translation [GO:0006412]","rRNA binding [GO:0019843]; structural constituent of ribosome [GO:0003735]","small ribosomal subunit [GO:0015935]","Intracellular"
"P59161","gluconeogenesis [GO:0006094]; glycolytic process [GO:0006096]","2,3-bisphosphoglycerate-dependent phosphoglycerate mutase activity [GO:0046538]","Unannotated","Intracellular"
"P23504","endoplasmic reticulum to Golgi vesicle-mediated transport [GO:0006888]; intracellular protein transport [GO:0006886]; membrane fusion [GO:0061025]","Unannotated","ER to Golgi transport vesicle membrane [GO:0012507]; extracellular region [GO:0005576]","Shared"
"Q8DRV7","translation [GO:0006412]","structural constituent of ribosome [GO:0003735]","large ribosomal subunit [GO:0015934]","Intracellular"
"P45595","phosphoenolpyruvate-dependent sugar phosphotransferase system [GO:0009401]; phosphorylation [GO:0016310]","kinase activity [GO:0016301]; metal ion binding [GO:0046872]; phosphoenolpyruvate-protein phosphotransferase activity [GO:0008965]","cytoplasm [GO:0005737]","Intracellular"
"Q8DSC4","phosphoenolpyruvate-dependent sugar phosphotransferase system [GO:0009401]; phosphorylation [GO:0016310]","kinase activity [GO:0016301]; protein-N(PI)-phosphohistidine-sugar phosphotransferase activity [GO:0008982]","cytoplasm [GO:0005737]; plasma membrane [GO:0005886]","Intracellular"
"Q8DVJ2","cysteine biosynthetic process from serine [GO:0006535]","cysteine synthase activity [GO:0004124]; L-cysteine desulfhydrase activity [GO:0080146]","cytoplasm [GO:0005737]","Intracellular"
"Q8DSN3","Unannotated","acyl carrier activity [GO:0000036]","cytoplasm [GO:0005737]","Intracellular"
"Q8CWW5","chaperone cofactor-dependent protein refolding [GO:0051085]","ATP binding [GO:0005524]; metal ion binding [GO:0046872]; protein folding chaperone [GO:0044183]; protein-folding chaperone binding [GO:0051087]; unfolded protein binding [GO:0051082]","cytoplasm [GO:0005737]","Intracellular"
"Q8DS11","translation [GO:0006412]","structural constituent of ribosome [GO:0003735]","cytosolic small ribosomal subunit [GO:0022627]","Intracellular"
"Q8DVV4","ribosome disassembly [GO:0032790]","GTP binding [GO:0005525]; GTPase activity [GO:0003924]; translation elongation factor activity [GO:0003746]","cytosol [GO:0005829]","Intracellular"
"P26283","glycolytic process [GO:0006096]; lactate metabolic process [GO:0006089]","L-lactate dehydrogenase activity [GO:0004459]","cytoplasm [GO:0005737]","Intracellular"
"O68579","Unannotated","inorganic diphosphate phosphatase activity [GO:0004427]; manganese ion binding [GO:0030145]","cytoplasm [GO:0005737]","Intracellular"
"I6L8Y4","protein processing [GO:0016485]","metal ion binding [GO:0046872]; metalloendopeptidase activity [GO:0004222]","plasma membrane [GO:0005886]","Intracellular"
"Q8DSY2","translational termination [GO:0006415]","ribosomal large subunit binding [GO:0043023]","cytoplasm [GO:0005737]","Intracellular"
"Q8DSJ5","Unannotated","Unannotated","Unannotated","Intracellular"
"Q8DWE1","translation [GO:0006412]","structural constituent of ribosome [GO:0003735]","ribonucleoprotein complex [GO:1990904]; ribosome [GO:0005840]","Intracellular"
"Q8DS47","DNA-templated transcription [GO:0006351]","DNA binding [GO:0003677]; DNA-directed 5'-3' RNA polymerase activity [GO:0003899]; magnesium ion binding [GO:0000287]; zinc ion binding [GO:0008270]","DNA-directed RNA polymerase complex [GO:0000428]","Intracellular"
"Q8DUK3","Unannotated","thioredoxin peroxidase activity [GO:0008379]","Unannotated","Intracellular"
"P59167","translation [GO:0006412]","rRNA binding [GO:0019843]; structural constituent of ribosome [GO:0003735]; tRNA binding [GO:0000049]","small ribosomal subunit [GO:0015935]","Intracellular"
"Q8DSE7","peptide biosynthetic process [GO:0043043]","translation elongation factor activity [GO:0003746]","cytoplasm [GO:0005737]","Intracellular"
"Q8DTA1","dTDP-rhamnose biosynthetic process [GO:0019305]; extracellular polysaccharide biosynthetic process [GO:0045226]","dTDP-4-dehydrorhamnose 3,5-epimerase activity [GO:0008830]","cytosol [GO:0005829]","Intracellular"
"Q8DW96","Unannotated","DNA binding [GO:0003677]; toxin sequestering activity [GO:0097351]","Unannotated","Shared"
"Q8DS27","translation [GO:0006412]","rRNA binding [GO:0019843]; structural constituent of ribosome [GO:0003735]","cytosolic small ribosomal subunit [GO:0022627]","Intracellular"
"Q8DS46","DNA-templated transcription [GO:0006351]","DNA binding [GO:0003677]; DNA-directed 5'-3' RNA polymerase activity [GO:0003899]; ribonucleoside binding [GO:0032549]","DNA-directed RNA polymerase complex [GO:0000428]","Intracellular"
"Q8DUH3","cellular response to heat [GO:0034605]; proteolysis [GO:0006508]; regulation of DNA-templated transcription [GO:0006355]","ATP binding [GO:0005524]; ATP hydrolysis activity [GO:0016887]; peptidase activity [GO:0008233]","cytoplasm [GO:0005737]","Intracellular"
"Q8DTN5","translation [GO:0006412]","structural constituent of ribosome [GO:0003735]","ribonucleoprotein complex [GO:1990904]; ribosome [GO:0005840]","Intracellular"
"Q8DVD9","division septum assembly [GO:0000917]; FtsZ-dependent cytokinesis [GO:0043093]; protein polymerization [GO:0051258]","GTP binding [GO:0005525]; GTPase activity [GO:0003924]","cell division site [GO:0032153]; cytoplasm [GO:0005737]","Intracellular"
"Q8DSD2","cell redox homeostasis [GO:0045454]","protein-disulfide reductase activity [GO:0015035]","cytosol [GO:0005829]","Intracellular"
"Q8DVE8","glycolytic process [GO:0006096]","glucokinase activity [GO:0004340]","cytoplasm [GO:0005737]","Intracellular"
"P09738","Unannotated","metal ion binding [GO:0046872]; superoxide dismutase activity [GO:0004784]","Unannotated","Intracellular"
"Q8DSP7","DNA-templated transcription elongation [GO:0006354]; regulation of DNA-templated transcription elongation [GO:0032784]","DNA binding [GO:0003677]; RNA polymerase binding [GO:0070063]","Unannotated","Intracellular"
"Q8DS57","acetate metabolic process [GO:0006083]; acetyl-CoA biosynthetic process [GO:0006085]; phosphorylation [GO:0016310]","acetate kinase activity [GO:0008776]; ATP binding [GO:0005524]; magnesium ion binding [GO:0000287]","cytoplasm [GO:0005737]","Intracellular"
"Q8DSZ8","methylglyoxal catabolic process to D-lactate via S-lactoyl-glutathione [GO:0019243]","lactoylglutathione lyase activity [GO:0004462]; metal ion binding [GO:0046872]","cytoplasm [GO:0005737]","Intracellular"
"Q8DT86","Unannotated","Unannotated","Unannotated","Intracellular"
"Q8DWD4","Unannotated","dihydrolipoyl dehydrogenase activity [GO:0004148]; flavin adenine dinucleotide binding [GO:0050660]","Unannotated","Intracellular"
"Q8DW98","negative regulation of translation [GO:0017148]; translation [GO:0006412]","mRNA binding [GO:0003729]; structural constituent of ribosome [GO:0003735]","cytosolic large ribosomal subunit [GO:0022625]","Intracellular"
"P95780","dTDP-rhamnose biosynthetic process [GO:0019305]; extracellular polysaccharide biosynthetic process [GO:0045226]; lipopolysaccharide biosynthetic process [GO:0009103]","dTDP-glucose 4,6-dehydratase activity [GO:0008460]","Unannotated","Intracellular"
"Q8DVL5","homocysteine catabolic process [GO:0043418]; proteolysis [GO:0006508]; response to toxic substance [GO:0009636]","cysteine-type aminopeptidase activity [GO:0070005]","cytoplasm [GO:0005737]","Intracellular"
"Q8DSG6","glutaminyl-tRNAGln biosynthesis via transamidation [GO:0070681]; translation [GO:0006412]","asparaginyl-tRNA synthase (glutamine-hydrolyzing) activity [GO:0050566]; ATP binding [GO:0005524]; glutaminyl-tRNA synthase (glutamine-hydrolyzing) activity [GO:0050567]","Unannotated","Intracellular"
"Q8DTU0","2-deoxyribose 1-phosphate catabolic process [GO:0006018]; 5-phosphoribose 1-diphosphate biosynthetic process [GO:0006015]; cellular metabolic compound salvage [GO:0043094]; nucleotide metabolic process [GO:0009117]","magnesium ion binding [GO:0000287]; manganese ion binding [GO:0030145]; phosphopentomutase activity [GO:0008973]","cytosol [GO:0005829]","Intracellular"
"Q8DSG5","translation [GO:0006412]","ATP binding [GO:0005524]; glutaminyl-tRNA synthase (glutamine-hydrolyzing) activity [GO:0050567]","glutamyl-tRNA(Gln) amidotransferase complex [GO:0030956]","Intracellular"
"Q8DS23","translation [GO:0006412]","large ribosomal subunit rRNA binding [GO:0070180]; structural constituent of ribosome [GO:0003735]","cytosolic large ribosomal subunit [GO:0022625]","Intracellular"
"Q8DW25","peptide transport [GO:0015833]","peptide transmembrane transporter activity [GO:1904680]","ATP-binding cassette (ABC) transporter complex [GO:0043190]; outer membrane-bounded periplasmic space [GO:0030288]","Intracellular"
"Q8DU36","Unannotated","Unannotated","plasma membrane [GO:0005886]","Intracellular"
"Q8DRX7","Unannotated","Unannotated","Unannotated","Intracellular"
"I6L920","Unannotated","oxidoreductase activity [GO:0016491]","Unannotated","Intracellular"
"Q8DTG7","Unannotated","double-stranded RNA binding [GO:0003725]","Unannotated","Intracellular"
"P50978","carbohydrate metabolic process [GO:0005975]; lactose catabolic process via tagatose-6-phosphate [GO:0019512]","6-phospho-beta-galactosidase activity [GO:0033920]; beta-glucosidase activity [GO:0008422]","cytosol [GO:0005829]","Intracellular"
"Q8DSY0","regulation of translation [GO:0006417]; translation [GO:0006412]","rRNA binding [GO:0019843]; structural constituent of ribosome [GO:0003735]; tRNA binding [GO:0000049]","large ribosomal subunit [GO:0015934]","Intracellular"
"Q8DUL9","diaminopimelate biosynthetic process [GO:0019877]; lysine biosynthetic process via diaminopimelate [GO:0009089]","4-hydroxy-tetrahydrodipicolinate reductase [GO:0008839]; NAD binding [GO:0051287]; NADP binding [GO:0050661]; oxidoreductase activity, acting on CH or CH2 groups, NAD or NADP as acceptor [GO:0016726]","cytosol [GO:0005829]","Intracellular"
"Q8DTC9","acetyl-CoA biosynthetic process from pyruvate [GO:0006086]","pyruvate dehydrogenase (acetyl-transferring) activity [GO:0004739]","Unannotated","Intracellular"
"Q8DS36","DNA-templated transcription [GO:0006351]","DNA binding [GO:0003677]; DNA-directed 5'-3' RNA polymerase activity [GO:0003899]; protein dimerization activity [GO:0046983]","cytoplasm [GO:0005737]; DNA-directed RNA polymerase complex [GO:0000428]","Intracellular"
"Q8DWH9","Unannotated","threonine synthase activity [GO:0004795]","cytoplasm [GO:0005737]","Intracellular"
"Q8DVL1","cell division [GO:0051301]; regulation of cell shape [GO:0008360]","Unannotated","cytoplasm [GO:0005737]","Intracellular"
"Q8DS82","DNA-templated transcription termination [GO:0006353]; regulation of DNA-templated transcription elongation [GO:0032784]; transcription antitermination [GO:0031564]; transcription elongation-coupled chromatin remodeling [GO:0140673]","Unannotated","cytosol [GO:0005829]","Intracellular"
"Q8DUX7","Unannotated","Unannotated","Unannotated","Intracellular"
"Q8DTT4","Unannotated","dipeptidase activity [GO:0016805]; zinc ion binding [GO:0008270]","Unannotated","Intracellular"
"Q8DSV6","Unannotated","NAD binding [GO:0051287]; phosphoglycerate dehydrogenase activity [GO:0004617]","Unannotated","Intracellular"
"P48853","translation [GO:0006412]","structural constituent of ribosome [GO:0003735]; tRNA binding [GO:0000049]","small ribosomal subunit [GO:0015935]","Intracellular"
"I6L8Y0","cell redox homeostasis [GO:0045454]; cellular response to stress [GO:0033554]; hydrogen peroxide catabolic process [GO:0042744]; response to oxidative stress [GO:0006979]","NADH-dependent peroxiredoxin activity [GO:0102039]; thioredoxin peroxidase activity [GO:0008379]","cytosol [GO:0005829]","Intracellular"
"Q8DW97","translation [GO:0006412]","RNA binding [GO:0003723]; structural constituent of ribosome [GO:0003735]","small ribosomal subunit [GO:0015935]","Intracellular"
"Q8DSN7","fatty acid biosynthetic process [GO:0006633]","acetyl-CoA carboxylase activity [GO:0003989]","acetyl-CoA carboxylase complex [GO:0009317]","Intracellular"
"Q8DSJ4","regulation of DNA-templated transcription [GO:0006355]","DNA binding [GO:0003677]","cytosol [GO:0005829]","Intracellular"
"Q8DSB7","selenocysteine biosynthetic process [GO:0016260]; seryl-tRNA aminoacylation [GO:0006434]","ATP binding [GO:0005524]; serine-tRNA ligase activity [GO:0004828]; transferase activity [GO:0016740]","cytoplasm [GO:0005737]","Intracellular"
"Q8DUV9","Unannotated","Unannotated","Unannotated","Intracellular"
"Q8DS74","phosphoenolpyruvate-dependent sugar phosphotransferase system [GO:0009401]; phosphorylation [GO:0016310]","kinase activity [GO:0016301]; protein-N(PI)-phosphohistidine-sugar phosphotransferase activity [GO:0008982]","cytoplasm [GO:0005737]","Intracellular"
"Q8DV20","ribosomal large subunit assembly [GO:0000027]; translation [GO:0006412]","rRNA binding [GO:0019843]; structural constituent of ribosome [GO:0003735]","cytosolic large ribosomal subunit [GO:0022625]","Intracellular"
"Q8DRR6","proteolysis [GO:0006508]","metal ion binding [GO:0046872]; metallopeptidase activity [GO:0008237]","Unannotated","Intracellular"
"Q8DVU9","glutamine biosynthetic process [GO:0006542]","ATP binding [GO:0005524]; glutamine synthetase activity [GO:0004356]; metal ion binding [GO:0046872]","cytoplasm [GO:0005737]","Intracellular"
"P95787","Unannotated","ADP binding [GO:0043531]; ATP binding [GO:0005524]; proton-transporting ATP synthase activity, rotational mechanism [GO:0046933]; proton-transporting ATPase activity, rotational mechanism [GO:0046961]","plasma membrane [GO:0005886]; proton-transporting ATP synthase complex, catalytic core F(1) [GO:0045261]","Intracellular"
"O70055","cell wall organization [GO:0071555]; lipoteichoic acid biosynthetic process [GO:0070395]","D-alanyl carrier activity [GO:0036370]","cytoplasm [GO:0005737]","Intracellular"
"Q8DU67","folic acid metabolic process [GO:0046655]; glycine biosynthetic process from serine [GO:0019264]; L-serine catabolic process [GO:0006565]; tetrahydrofolate interconversion [GO:0035999]","cobalt ion binding [GO:0050897]; glycine hydroxymethyltransferase activity [GO:0004372]; pyridoxal phosphate binding [GO:0030170]; serine binding [GO:0070905]; zinc ion binding [GO:0008270]","cytosol [GO:0005829]","Intracellular"
"I6L905","phosphoenolpyruvate-dependent sugar phosphotransferase system [GO:0009401]; phosphorylation [GO:0016310]","kinase activity [GO:0016301]; protein-N(PI)-phosphohistidine-sugar phosphotransferase activity [GO:0008982]; protein-phosphocysteine-trehalose phosphotransferase system transporter activity [GO:0090589]; trehalose transmembrane transporter activity [GO:0015574]","plasma membrane [GO:0005886]","Intracellular"
"Q8DW01","pentose-phosphate shunt [GO:0006098]","metal ion binding [GO:0046872]; transketolase activity [GO:0004802]","cytosol [GO:0005829]","Intracellular"
"I6L8Y7","trehalose catabolic process [GO:0005993]","alpha,alpha-phosphotrehalase activity [GO:0008788]; alpha-amylase activity [GO:0004556]","cytoplasm [GO:0005737]","Intracellular"
"O06941","protein folding [GO:0006457]","adenyl-nucleotide exchange factor activity [GO:0000774]; protein homodimerization activity [GO:0042803]; protein-folding chaperone binding [GO:0051087]; unfolded protein binding [GO:0051082]","cytoplasm [GO:0005737]","Intracellular"
"Q59931","Unannotated","glyceraldehyde-3-phosphate dehydrogenase (NADP+) (non-phosphorylating) activity [GO:0008886]; glyceraldehyde-3-phosphate dehydrogenase (NADP+) (phosphorylating) activity [GO:0047100]; lactaldehyde dehydrogenase (NAD+) activity [GO:0008911]","Unannotated","Intracellular"
"I6L912","Unannotated","Unannotated","Unannotated","Intracellular"
"P59186","translation [GO:0006412]","mRNA binding [GO:0003729]; rRNA binding [GO:0019843]; structural constituent of ribosome [GO:0003735]","cytosolic small ribosomal subunit [GO:0022627]","Intracellular"
"Q8DSN4","Unannotated","nitronate monooxygenase activity [GO:0018580]","Unannotated","Intracellular"
"Q8DWM7","cell division [GO:0051301]; protein catabolic process [GO:0030163]; proteolysis [GO:0006508]","ATP binding [GO:0005524]; ATP hydrolysis activity [GO:0016887]; ATP-dependent peptidase activity [GO:0004176]; metalloendopeptidase activity [GO:0004222]; zinc ion binding [GO:0008270]","plasma membrane [GO:0005886]","Intracellular"
"P95789","Unannotated","ATP binding [GO:0005524]; ATP hydrolysis activity [GO:0016887]; proton-transporting ATP synthase activity, rotational mechanism [GO:0046933]; proton-transporting ATPase activity, rotational mechanism [GO:0046961]","plasma membrane [GO:0005886]; proton-transporting ATP synthase complex, catalytic core F(1) [GO:0045261]","Intracellular"
"Q8DU30","translation [GO:0006412]","small ribosomal subunit rRNA binding [GO:0070181]; structural constituent of ribosome [GO:0003735]","cytosol [GO:0005829]; small ribosomal subunit [GO:0015935]","Intracellular"
"Q8DVQ8","nucleotide metabolic process [GO:0009117]","catalytic activity [GO:0003824]; metal ion binding [GO:0046872]","Unannotated","Intracellular"
"Q8DSC2","phosphoenolpyruvate-dependent sugar phosphotransferase system [GO:0009401]","transferase activity [GO:0016740]","membrane [GO:0016020]","Intracellular"
"Q8DST6","UMP salvage [GO:0044206]; uracil salvage [GO:0006223]","GTP binding [GO:0005525]; magnesium ion binding [GO:0000287]; uracil phosphoribosyltransferase activity [GO:0004845]","Unannotated","Intracellular"
"Q8DT54","glycogen biosynthetic process [GO:0005978]","glucose-1-phosphate adenylyltransferase activity [GO:0008878]","Unannotated","Intracellular"
"Q8DVX9","glutamyl-tRNA aminoacylation [GO:0006424]","ATP binding [GO:0005524]; glutamate-tRNA ligase activity [GO:0004818]; tRNA binding [GO:0000049]; zinc ion binding [GO:0008270]","cytosol [GO:0005829]","Intracellular"
"Q8DS30","translation [GO:0006412]","structural constituent of ribosome [GO:0003735]","cytosolic large ribosomal subunit [GO:0022625]","Intracellular"
"Q8DVY7","diaminopimelate biosynthetic process [GO:0019877]; lysine biosynthetic process via diaminopimelate [GO:0009089]","tetrahydrodipicolinate N-acetyltransferase activity [GO:0047200]","Unannotated","Intracellular"
"Q8DTE9","Unannotated","DNA binding [GO:0003677]","Unannotated","Intracellular"
"Q8DS20","translation [GO:0006412]","rRNA binding [GO:0019843]; structural constituent of ribosome [GO:0003735]; tRNA binding [GO:0000049]","cytosolic large ribosomal subunit [GO:0022625]","Intracellular"
"Q8DS16","translation [GO:0006412]","rRNA binding [GO:0019843]; structural constituent of ribosome [GO:0003735]","cytosolic large ribosomal subunit [GO:0022625]","Intracellular"
"I6L8Z3","regulation of DNA-templated transcription [GO:0006355]","phosphorelay response regulator activity [GO:0000156]; transcription cis-regulatory region binding [GO:0000976]","cytosol [GO:0005829]; protein-DNA complex [GO:0032993]","Intracellular"
"Q8DVH8","Unannotated","Unannotated","extracellular region [GO:0005576]","Intracellular"
"P11701","carbohydrate utilization [GO:0009758]","levansucrase activity [GO:0050053]; metal ion binding [GO:0046872]","cell surface [GO:0009986]; plasma membrane [GO:0005886]","Shared"
"Q8DSY1","'de novo' CTP biosynthetic process [GO:0044210]; phosphorylation [GO:0016310]; UDP biosynthetic process [GO:0006225]","ATP binding [GO:0005524]; UMP kinase activity [GO:0033862]","cytoplasm [GO:0005737]","Intracellular"
"Q8DTM1","amino acid metabolic process [GO:0006520]; biosynthetic process [GO:0009058]","asparagine-oxo-acid transaminase activity [GO:0047297]; pyridoxal phosphate binding [GO:0030170]","Unannotated","Intracellular"
"Q8DWD6","Unannotated","catalytic activity [GO:0003824]","Unannotated","Intracellular"
"Q8DRT7","isoleucine biosynthetic process [GO:0009097]; valine biosynthetic process [GO:0009099]","2 iron, 2 sulfur cluster binding [GO:0051537]; dihydroxy-acid dehydratase activity [GO:0004160]; magnesium ion binding [GO:0000287]","Unannotated","Intracellular"
"Q8DS19","translation [GO:0006412]","rRNA binding [GO:0019843]; structural constituent of ribosome [GO:0003735]","cytosolic large ribosomal subunit [GO:0022625]","Intracellular"
"Q8DTA9","rescue of stalled ribosome [GO:0072344]","ribosomal large subunit binding [GO:0043023]; tRNA binding [GO:0000049]","RQC complex [GO:1990112]","Intracellular"
"Q8DRR2","GMP biosynthetic process [GO:0006177]; GTP biosynthetic process [GO:0006183]","IMP dehydrogenase activity [GO:0003938]; metal ion binding [GO:0046872]; nucleotide binding [GO:0000166]","Unannotated","Intracellular"
"Q8DVI8","negative regulation of translational elongation [GO:0045900]","ribosomal small subunit binding [GO:0043024]","cytosolic small ribosomal subunit [GO:0022627]","Intracellular"
"P66531","translation [GO:0006412]","structural constituent of ribosome [GO:0003735]","ribonucleoprotein complex [GO:1990904]; ribosome [GO:0005840]","Intracellular"
"Q8DW41","Unannotated","Unannotated","Unannotated","Intracellular"
"Q8DUR5","cell redox homeostasis [GO:0045454]; cellular response to oxidative stress [GO:0034599]; glutathione metabolic process [GO:0006749]","flavin adenine dinucleotide binding [GO:0050660]; glutathione-disulfide reductase (NADPH) activity [GO:0004362]; NADP binding [GO:0050661]","cytosol [GO:0005829]","Intracellular"
"Q8DVE3","cell division [GO:0051301]; cell wall organization [GO:0071555]; peptidoglycan biosynthetic process [GO:0009252]; regulation of cell shape [GO:0008360]","ATP binding [GO:0005524]; UDP-N-acetylmuramoylalanine-D-glutamate ligase activity [GO:0008764]","cytoplasm [GO:0005737]","Intracellular"
"P72478","'de novo' AMP biosynthetic process [GO:0044208]; 'de novo' IMP biosynthetic process [GO:0006189]","(S)-2-(5-amino-1-(5-phospho-D-ribosyl)imidazole-4-carboxamido) succinate lyase (fumarate-forming) activity [GO:0070626]; N6-(1,2-dicarboxyethyl)AMP AMP-lyase (fumarate-forming) activity [GO:0004018]","cytosol [GO:0005829]","Intracellular"
"Q8CZF1","Unannotated","pyruvate dehydrogenase (acetyl-transferring) activity [GO:0004739]","Unannotated","Intracellular"
"Q8DVD3","isoleucyl-tRNA aminoacylation [GO:0006428]","aminoacyl-tRNA editing activity [GO:0002161]; ATP binding [GO:0005524]; isoleucine-tRNA ligase activity [GO:0004822]; tRNA binding [GO:0000049]; zinc ion binding [GO:0008270]","cytosol [GO:0005829]","Intracellular"
"Q8DUL2","glutamate biosynthetic process [GO:0006537]","glutamate dehydrogenase (NAD+) activity [GO:0004352]; glutamate dehydrogenase (NADP+) activity [GO:0004354]; nucleotide binding [GO:0000166]","cytosol [GO:0005829]","Intracellular"
"Q8DTN9","Unannotated","electron transfer activity [GO:0009055]; FMN binding [GO:0010181]","Unannotated","Intracellular"
"Q8DSN6","fatty acid biosynthetic process [GO:0006633]","3-oxoacyl-[acyl-carrier-protein] synthase activity [GO:0004315]","cytosol [GO:0005829]","Intracellular"
"Q8DTB5","Unannotated","Unannotated","membrane [GO:0016020]","Intracellular"
"Q8DTY0","carbohydrate metabolic process [GO:0005975]; fructose 6-phosphate metabolic process [GO:0006002]; glutamine metabolic process [GO:0006541]; protein N-linked glycosylation [GO:0006487]; UDP-N-acetylglucosamine metabolic process [GO:0006047]","carbohydrate derivative binding [GO:0097367]; glutamine-fructose-6-phosphate transaminase (isomerizing) activity [GO:0004360]","cytosol [GO:0005829]","Intracellular"
"Q8DS33","AMP salvage [GO:0044209]; nucleoside diphosphate metabolic process [GO:0009132]; phosphorylation [GO:0016310]","adenylate kinase activity [GO:0004017]; ATP binding [GO:0005524]; nucleoside diphosphate kinase activity [GO:0004550]","cytosol [GO:0005829]","Intracellular"
"Q8DUV8","amino acid biosynthetic process [GO:0008652]; aromatic amino acid family biosynthetic process [GO:0009073]; chorismate biosynthetic process [GO:0009423]","3-phosphoshikimate 1-carboxyvinyltransferase activity [GO:0003866]","cytoplasm [GO:0005737]","Intracellular"
"Q8DUV4","rRNA base methylation [GO:0070475]","rRNA (uridine-C5-)-methyltransferase activity [GO:0070041]","Unannotated","Intracellular"
"P66474","translation [GO:0006412]","small ribosomal subunit rRNA binding [GO:0070181]; structural constituent of ribosome [GO:0003735]","ribonucleoprotein complex [GO:1990904]; ribosome [GO:0005840]","Intracellular"
"Q8DVX6","Unannotated","Unannotated","membrane [GO:0016020]","Intracellular"
"Q8DSZ9","2,4,6-trinitrotoluene catabolic process [GO:0046256]","oxidoreductase activity [GO:0016491]","cytosol [GO:0005829]","Intracellular"
"Q8DUA0","Unannotated","acetyltransferase activity [GO:0016407]","Unannotated","Intracellular"
"Q8DSL1","valyl-tRNA aminoacylation [GO:0006438]","aminoacyl-tRNA editing activity [GO:0002161]; ATP binding [GO:0005524]; valine-tRNA ligase activity [GO:0004832]","cytosol [GO:0005829]","Intracellular"
"Q8DW32","Unannotated","ATP binding [GO:0005524]; ATP hydrolysis activity [GO:0016887]","membrane [GO:0016020]","Intracellular"
"Q8DSJ9","prolyl-tRNA aminoacylation [GO:0006433]","aminoacyl-tRNA editing activity [GO:0002161]; ATP binding [GO:0005524]; proline-tRNA ligase activity [GO:0004827]; transferase activity [GO:0016740]","cytosol [GO:0005829]","Intracellular"
"Q8DSI8","cytosolic ribosome assembly [GO:0042256]; negative regulation of ribosome biogenesis [GO:0090071]; negative regulation of translation [GO:0017148]","ribosomal large subunit binding [GO:0043023]","cytoplasm [GO:0005737]","Intracellular"
"Q8DWG1","'de novo' CTP biosynthetic process [GO:0044210]; glutamine metabolic process [GO:0006541]; pyrimidine nucleobase biosynthetic process [GO:0019856]","ATP binding [GO:0005524]; CTP synthase activity [GO:0003883]; glutaminase activity [GO:0004359]; identical protein binding [GO:0042802]; metal ion binding [GO:0046872]","cytosol [GO:0005829]","Intracellular"
"Q8DT28","maltodextrin transmembrane transport [GO:0042956]; maltose transport [GO:0015768]","maltose binding [GO:1901982]","ATP-binding cassette (ABC) transporter complex, substrate-binding subunit-containing [GO:0055052]","Intracellular"
"Q8DSG4","glutaminyl-tRNAGln biosynthesis via transamidation [GO:0070681]; regulation of translational fidelity [GO:0006450]; translation [GO:0006412]","asparaginyl-tRNA synthase (glutamine-hydrolyzing) activity [GO:0050566]; ATP binding [GO:0005524]; glutaminyl-tRNA synthase (glutamine-hydrolyzing) activity [GO:0050567]","Unannotated","Intracellular"
"Q8DST5","biosynthetic process [GO:0009058]","lyase activity [GO:0016829]; pyridoxal phosphate binding [GO:0030170]; transaminase activity [GO:0008483]","Unannotated","Intracellular"
"Q8DV28","cell wall macromolecule catabolic process [GO:0016998]; peptidoglycan catabolic process [GO:0009253]","lysozyme activity [GO:0003796]","Unannotated","Intracellular"
"Q8DTQ7","L-histidine biosynthetic process [GO:0000105]","histidinol dehydrogenase activity [GO:0004399]; NAD binding [GO:0051287]; zinc ion binding [GO:0008270]","cytosol [GO:0005829]","Intracellular"
"Q8DVK2","protein dephosphorylation [GO:0006470]","myosin phosphatase activity [GO:0017018]","Unannotated","Intracellular"
"Q8DS34","Unannotated","ribosome binding [GO:0043022]; rRNA binding [GO:0019843]; translation initiation factor activity [GO:0003743]","cytosol [GO:0005829]","Intracellular"
"P66308","translation [GO:0006412]","structural constituent of ribosome [GO:0003735]","cytoplasm [GO:0005737]; ribonucleoprotein complex [GO:1990904]; ribosome [GO:0005840]","Intracellular"
"Q8DSN5","fatty acid biosynthetic process [GO:0006633]","3-oxoacyl-[acyl-carrier-protein] reductase (NADPH) activity [GO:0004316]; NAD binding [GO:0051287]","Unannotated","Intracellular"
"Q8DT55","glycogen catabolic process [GO:0005980]","glycogen phosphorylase activity [GO:0008184]; linear malto-oligosaccharide phosphorylase activity [GO:0102250]; pyridoxal phosphate binding [GO:0030170]; SHG alpha-glucan phosphorylase activity [GO:0102499]","cytoplasm [GO:0005737]","Intracellular"
"Q8DTD0","acetyl-CoA biosynthetic process from pyruvate [GO:0006086]","dihydrolipoyllysine-residue acetyltransferase activity [GO:0004742]","pyruvate dehydrogenase complex [GO:0045254]","Intracellular"
"P45596","phosphoenolpyruvate-dependent sugar phosphotransferase system [GO:0009401]","Unannotated","cytoplasm [GO:0005737]","Intracellular"
"Q8CWW8","fatty acid biosynthetic process [GO:0006633]","[acyl-carrier-protein] S-malonyltransferase activity [GO:0004314]","cytosol [GO:0005829]","Intracellular"
"Q8DT31","glycogen catabolic process [GO:0005980]","glycogen phosphorylase activity [GO:0008184]; linear malto-oligosaccharide phosphorylase activity [GO:0102250]; pyridoxal phosphate binding [GO:0030170]; SHG alpha-glucan phosphorylase activity [GO:0102499]","cytoplasm [GO:0005737]","Intracellular"
"Q8DSF1","amino acid biosynthetic process [GO:0008652]; aromatic amino acid family biosynthetic process [GO:0009073]; chorismate biosynthetic process [GO:0009423]","3-deoxy-7-phosphoheptulonate synthase activity [GO:0003849]","cytoplasm [GO:0005737]","Intracellular"
"Q8DVL7","cell redox homeostasis [GO:0045454]; removal of superoxide radicals [GO:0019430]","thioredoxin-disulfide reductase (NADPH) activity [GO:0004791]","cytoplasm [GO:0005737]","Intracellular"
"Q8DU60","Unannotated","FMN binding [GO:0010181]; oxidoreductase activity [GO:0016491]","cytosol [GO:0005829]","Intracellular"
"Q8DTT9","pentose-phosphate shunt, non-oxidative branch [GO:0009052]","ribose-5-phosphate isomerase activity [GO:0004751]","Unannotated","Intracellular"
"P95778","capsule polysaccharide biosynthetic process [GO:0045227]; dTDP-rhamnose biosynthetic process [GO:0019305]","glucose-1-phosphate thymidylyltransferase activity [GO:0008879]; metal ion binding [GO:0046872]","Unannotated","Intracellular"
"Q8DSV3","L-serine biosynthetic process [GO:0006564]; pyridoxine biosynthetic process [GO:0008615]","O-phospho-L-serine:2-oxoglutarate aminotransferase activity [GO:0004648]; pyridoxal phosphate binding [GO:0030170]","cytoplasm [GO:0005737]","Intracellular"
"Q8DVF0","Unannotated","ferric iron binding [GO:0008199]; oxidoreductase activity, acting on metal ions [GO:0016722]","Unannotated","Intracellular"
"Q8DTM4","Unannotated","glycerol dehydrogenase (NAD+) activity [GO:0008888]; metal ion binding [GO:0046872]","Unannotated","Intracellular"
"Q07211","Unannotated","ATP binding [GO:0005524]; fructokinase activity [GO:0008865]; metal ion binding [GO:0046872]","Unannotated","Intracellular"
"Q8DT87","tRNA modification [GO:0006400]","ATP binding [GO:0005524]; tRNA dimethylallyltransferase activity [GO:0052381]","Unannotated","Intracellular"
"Q8DS73","phosphoenolpyruvate-dependent sugar phosphotransferase system [GO:0009401]","transferase activity [GO:0016740]","membrane [GO:0016020]","Intracellular"
"P59378","translation [GO:0006412]","rRNA binding [GO:0019843]; structural constituent of ribosome [GO:0003735]","cytosolic small ribosomal subunit [GO:0022627]","Intracellular"
"Q8DT53","glycogen biosynthetic process [GO:0005978]","ATP binding [GO:0005524]; glucose-1-phosphate adenylyltransferase activity [GO:0008878]","Unannotated","Intracellular"
"Q8DUX2","regulation of DNA-templated transcription [GO:0006355]","DNA binding [GO:0003677]","Unannotated","Intracellular"
"Q8DSJ6","Unannotated","Unannotated","plasma membrane [GO:0005886]","Intracellular"
"Q8DT25","carbohydrate transport [GO:0008643]","ABC-type transporter activity [GO:0140359]; ATP binding [GO:0005524]; ATP hydrolysis activity [GO:0016887]","ATP-binding cassette (ABC) transporter complex, substrate-binding subunit-containing [GO:0055052]","Intracellular"
"O33662","DNA-templated transcription initiation [GO:0006352]","DNA binding [GO:0003677]; sigma factor activity [GO:0016987]","cytoplasm [GO:0005737]","Intracellular"
"Q8DVQ2","DNA-templated transcription termination [GO:0006353]; transcription antitermination [GO:0031564]","DNA-binding transcription factor activity [GO:0003700]; RNA binding [GO:0003723]","cytosol [GO:0005829]","Intracellular"
"Q8DWK2","DNA modification [GO:0006304]; methylation [GO:0032259]","nucleic acid binding [GO:0003676]; site-specific DNA-methyltransferase (adenine-specific) activity [GO:0009007]","Unannotated","Intracellular"
"Q8DVR0","Unannotated","Unannotated","cell envelope [GO:0030313]","Intracellular"
"Q8DUL0","queuosine biosynthetic process [GO:0008616]; tRNA modification [GO:0006400]","preQ1 synthase activity [GO:0033739]","cytoplasm [GO:0005737]","Intracellular"
"Q8DVL4","peptidoglycan biosynthetic process [GO:0009252]; proteolysis [GO:0006508]; response to antibiotic [GO:0046677]","penicillin binding [GO:0008658]; peptidoglycan glycosyltransferase activity [GO:0008955]; serine-type D-Ala-D-Ala carboxypeptidase activity [GO:0009002]","extracellular region [GO:0005576]; membrane [GO:0016020]","Intracellular"
"Q8DS78","Unannotated","Unannotated","membrane [GO:0016020]","Intracellular"
"P13522","sucrose metabolic process [GO:0005985]","beta-fructofuranosidase activity [GO:0004564]","cytoplasm [GO:0005737]","Intracellular"
"Q8DU34","2-deoxyribose 1-phosphate catabolic process [GO:0006018]; carbohydrate catabolic process [GO:0016052]; deoxyribonucleotide catabolic process [GO:0009264]","deoxyribose-phosphate aldolase activity [GO:0004139]","cytoplasm [GO:0005737]","Intracellular"
"Q9ZA56","regulation of carbohydrate metabolic process [GO:0006109]","ATP binding [GO:0005524]; magnesium ion binding [GO:0000287]; phosphorelay sensor kinase activity [GO:0000155]; protein serine/threonine kinase activity [GO:0004674]; protein serine/threonine/tyrosine kinase activity [GO:0004712]","cytosol [GO:0005829]","Intracellular"
"Q8DVN2","Unannotated","Unannotated","cytoplasm [GO:0005737]","Intracellular"
"Q8DUE5","diaminopimelate biosynthetic process [GO:0019877]; lysine biosynthetic process via diaminopimelate [GO:0009089]","4-hydroxy-tetrahydrodipicolinate synthase activity [GO:0008840]","cytosol [GO:0005829]","Intracellular"
"I6L927","Unannotated","Unannotated","membrane [GO:0016020]","Intracellular"
"P26426","phosphoenolpyruvate-dependent sugar phosphotransferase system [GO:0009401]","metal ion binding [GO:0046872]; transferase activity [GO:0016740]","cytoplasm [GO:0005737]","Intracellular"
"Q8DS72","maltodextrin transmembrane transport [GO:0042956]; maltose transport [GO:0015768]","maltose binding [GO:1901982]","ATP-binding cassette (ABC) transporter complex, substrate-binding subunit-containing [GO:0055052]","Intracellular"
"Q8DWB2","mRNA catabolic process [GO:0006402]; RNA processing [GO:0006396]","3'-5'-RNA exonuclease activity [GO:0000175]; magnesium ion binding [GO:0000287]; polyribonucleotide nucleotidyltransferase activity [GO:0004654]; RNA binding [GO:0003723]","cytosol [GO:0005829]","Intracellular"
"Q8DUQ6","translation [GO:0006412]","rRNA binding [GO:0019843]; structural constituent of ribosome [GO:0003735]","cytoplasm [GO:0005737]; ribonucleoprotein complex [GO:1990904]; ribosome [GO:0005840]","Intracellular"
"Q8DT95","adenine salvage [GO:0006168]; AMP salvage [GO:0044209]; purine ribonucleoside salvage [GO:0006166]","adenine binding [GO:0002055]; adenine phosphoribosyltransferase activity [GO:0003999]; AMP binding [GO:0016208]","cytoplasm [GO:0005737]","Intracellular"
"Q8DWD7","acetyl-CoA biosynthetic process from pyruvate [GO:0006086]","pyruvate dehydrogenase (acetyl-transferring) activity [GO:0004739]","Unannotated","Intracellular"
"Q8DS26","translation [GO:0006412]","rRNA binding [GO:0019843]; structural constituent of ribosome [GO:0003735]; zinc ion binding [GO:0008270]","small ribosomal subunit [GO:0015935]","Intracellular"
"Q8DVD0","cellular response to heat [GO:0034605]; negative regulation of DNA-templated transcription [GO:0045892]; proteolysis [GO:0006508]","ATP binding [GO:0005524]; ATP hydrolysis activity [GO:0016887]; peptidase activity [GO:0008233]","cytoplasm [GO:0005737]","Intracellular"
"Q8DVK8","quorum sensing [GO:0009372]","iron ion binding [GO:0005506]; S-ribosylhomocysteine lyase activity [GO:0043768]","Unannotated","Intracellular"
"Q8DSL5","Unannotated","Unannotated","Unannotated","Intracellular"
"Q02419","Unannotated","Unannotated","cytosol [GO:0005829]","Intracellular"
"I6L930","biosynthetic process [GO:0009058]; UDP-glucose metabolic process [GO:0006011]","UTP:glucose-1-phosphate uridylyltransferase activity [GO:0003983]","Unannotated","Intracellular"
"Q8DW31","iron-sulfur cluster assembly [GO:0016226]","Unannotated","Unannotated","Intracellular"
"Q8DWN6","Unannotated","ATP binding [GO:0005524]; ATP hydrolysis activity [GO:0016887]; GTP binding [GO:0005525]; ribosomal large subunit binding [GO:0043023]","cytoplasm [GO:0005737]","Intracellular"
"P27624","DNA recombination [GO:0006310]; DNA repair [GO:0006281]; SOS response [GO:0009432]","ATP binding [GO:0005524]; ATP hydrolysis activity [GO:0016887]; ATP-dependent DNA damage sensor activity [GO:0140664]; damaged DNA binding [GO:0003684]; single-stranded DNA binding [GO:0003697]","cytosol [GO:0005829]","Intracellular"
"Q8DSU3","D-alanine transmembrane transport [GO:0042941]; L-alanine transport [GO:0015808]; L-isoleucine import across plasma membrane [GO:1903806]; L-valine import across plasma membrane [GO:1903805]","ATP binding [GO:0005524]; ATP hydrolysis activity [GO:0016887]; L-isoleucine transmembrane transporter activity [GO:0015188]; L-phenylalanine transmembrane transporter activity [GO:0015192]; L-valine transmembrane transporter activity [GO:0005304]","plasma membrane [GO:0005886]","Intracellular"
"I6L926","Unannotated","Unannotated","membrane [GO:0016020]","Intracellular"
"Q8DSE8","Unannotated","Unannotated","Unannotated","Intracellular"
"Q59940","glyoxylate cycle [GO:0006097]; tricarboxylic acid cycle [GO:0006099]","isocitrate dehydrogenase (NADP+) activity [GO:0004450]; magnesium ion binding [GO:0000287]; NAD binding [GO:0051287]","Unannotated","Intracellular"
"Q8DSS8","Unannotated","Unannotated","Unannotated","Intracellular"
"Q8DTE3","defense response to virus [GO:0051607]; maintenance of CRISPR repeat elements [GO:0043571]","DNA binding [GO:0003677]; endonuclease activity [GO:0004519]; metal ion binding [GO:0046872]; RNA binding [GO:0003723]","Unannotated","Intracellular"
"Q8DSN0","fatty acid biosynthetic process [GO:0006633]","trans-2-decenoyl-acyl-carrier-protein isomerase activity [GO:0034017]","Unannotated","Intracellular"
"Q8DV31","Unannotated","Unannotated","Unannotated","Intracellular"
"Q00749","transmembrane transport [GO:0055085]","Unannotated","plasma membrane [GO:0005886]","Intracellular"
"Q8DVS4","Unannotated","Unannotated","Unannotated","Intracellular"
"Q8DV32","Unannotated","Unannotated","Unannotated","Intracellular"
"P95785","Unannotated","proton-transporting ATP synthase activity, rotational mechanism [GO:0046933]; proton-transporting ATPase activity, rotational mechanism [GO:0046961]","plasma membrane [GO:0005886]; proton-transporting ATP synthase complex, coupling factor F(o) [GO:0045263]","Intracellular"
"Q8DVJ7","protein folding [GO:0006457]; protein peptidyl-prolyl isomerization [GO:0000413]","peptidyl-prolyl cis-trans isomerase activity [GO:0003755]; phosphatase activity [GO:0016791]","Unannotated","Intracellular"
"Q8DTV9","'de novo' UMP biosynthetic process [GO:0044205]; purine nucleobase catabolic process [GO:0006145]","allantoinase activity [GO:0004038]; dihydroorotase activity [GO:0004151]; zinc ion binding [GO:0008270]","cytoplasm [GO:0005737]","Intracellular"
"Q8CWY4","NAD biosynthetic process [GO:0009435]","ATP binding [GO:0005524]; glutaminase activity [GO:0004359]; metal ion binding [GO:0046872]; NAD+ synthase (glutamine-hydrolyzing) activity [GO:0003952]; NAD+ synthase activity [GO:0008795]","cytoplasm [GO:0005737]","Intracellular"
"Q8DSF9","Unannotated","Unannotated","cytoplasm [GO:0005737]","Intracellular"
"Q8DTL1","cell division [GO:0051301]","Unannotated","plasma membrane [GO:0005886]","Intracellular"
"I6L8Z5","negative regulation of DNA-templated transcription [GO:0045892]","DNA-binding transcription repressor activity [GO:0001217]; phosphorelay response regulator activity [GO:0000156]; transcription cis-regulatory region binding [GO:0000976]","cytosol [GO:0005829]; protein-DNA complex [GO:0032993]","Intracellular"
"I6L921","base-excision repair [GO:0006284]","DNA binding [GO:0003677]; DNA-(apurinic or apyrimidinic site) endonuclease activity [GO:0003906]; double-stranded DNA 3'-5' DNA exonuclease activity [GO:0008311]; endonuclease activity [GO:0004519]; metal ion binding [GO:0046872]; phosphoric diester hydrolase activity [GO:0008081]","Unannotated","Intracellular"
"I6L922","cell redox homeostasis [GO:0045454]; response to reactive oxygen species [GO:0000302]","alkyl hydroperoxide reductase activity [GO:0008785]; flavin adenine dinucleotide binding [GO:0050660]; NAD binding [GO:0051287]; thioredoxin-disulfide reductase (NADPH) activity [GO:0004791]","cytosol [GO:0005829]","Intracellular"
"Q8DVP9","Unannotated","GTP binding [GO:0005525]; GTPase activity [GO:0003924]; translation initiation factor activity [GO:0003743]","cytoplasm [GO:0005737]","Intracellular"
"Q8DWM1","amino acid metabolic process [GO:0006520]; biosynthetic process [GO:0009058]","pyridoxal phosphate binding [GO:0030170]; transaminase activity [GO:0008483]","Unannotated","Intracellular"
"Q8DS05","phosphoenolpyruvate-dependent sugar phosphotransferase system [GO:0009401]; phosphorylation [GO:0016310]","kinase activity [GO:0016301]; protein-N(PI)-phosphohistidine-sugar phosphotransferase activity [GO:0008982]; protein-phosphocysteine-sugar phosphotransferase activity [GO:0090563]","plasma membrane [GO:0005886]","Intracellular"
"Q8CWX0","glycogen biosynthetic process [GO:0005978]","alpha-1,4-glucan glucosyltransferase (ADP-glucose donor) activity [GO:0009011]; alpha-1,4-glucan glucosyltransferase (UDP-glucose donor) activity [GO:0004373]","Unannotated","Intracellular"
"Q8DSU4","L-amino acid transport [GO:0015807]","ATP binding [GO:0005524]; ATP hydrolysis activity [GO:0016887]; branched-chain amino acid transmembrane transporter activity [GO:0015658]","Unannotated","Intracellular"
"Q8DWM3","single-species biofilm formation on inanimate substrate [GO:0044011]","hydrolase activity [GO:0016787]","Unannotated","Shared"
"P50976","carbohydrate derivative transport [GO:1901264]; phosphoenolpyruvate-dependent sugar phosphotransferase system [GO:0009401]; phosphorylation [GO:0016310]","kinase activity [GO:0016301]; protein-N(PI)-phosphohistidine-lactose phosphotransferase system transporter activity [GO:0022869]","plasma membrane [GO:0005886]","Intracellular"
"Q8CVC4","polysaccharide catabolic process [GO:0000272]","hydrolase activity, hydrolyzing O-glycosyl compounds [GO:0004553]","Unannotated","Intracellular"
"Q8CVC7","Unannotated","Unannotated","Unannotated","Shared"
"Q8CVC6","protein folding [GO:0006457]","peptidyl-prolyl cis-trans isomerase activity [GO:0003755]","plasma membrane [GO:0005886]","Intracellular"
"Q8DSR0","enzyme-directed rRNA pseudouridine synthesis [GO:0000455]","RNA binding [GO:0003723]; rRNA pseudouridine synthase activity [GO:0120159]","Unannotated","Intracellular"
"Q8DTQ2","DNA topological change [GO:0006265]; DNA-templated DNA replication [GO:0006261]","ATP binding [GO:0005524]; DNA binding [GO:0003677]; DNA topoisomerase type II (double strand cut, ATP-hydrolyzing) activity [GO:0003918]; metal ion binding [GO:0046872]","chromosome [GO:0005694]; cytoplasm [GO:0005737]","Intracellular"
"Q59925","tetrahydrofolate interconversion [GO:0035999]","ATP binding [GO:0005524]; formate-tetrahydrofolate ligase activity [GO:0004329]","Unannotated","Intracellular"
"Q8DTT3","Unannotated","oxidoreductase activity [GO:0016491]","Unannotated","Intracellular"
"Q8DSN9","fatty acid biosynthetic process [GO:0006633]; malonyl-CoA biosynthetic process [GO:2001295]","acetyl-CoA carboxylase activity [GO:0003989]; ATP binding [GO:0005524]; biotin carboxylase activity [GO:0004075]; metal ion binding [GO:0046872]","Unannotated","Intracellular"
"Q8DUT1","Unannotated","ligand-gated monoatomic ion channel activity [GO:0015276]","membrane [GO:0016020]","Intracellular"
"Q8DW88","steroid metabolic process [GO:0008202]","FMN binding [GO:0010181]; oxidoreductase activity [GO:0016491]","membrane [GO:0016020]","Intracellular"
"Q8DUT8","Unannotated","ABC-type amino acid transporter activity [GO:0015424]; ATP binding [GO:0005524]; ATP hydrolysis activity [GO:0016887]","Unannotated","Intracellular"
"Q8DSW4","Unannotated","Unannotated","membrane [GO:0016020]","Intracellular"
"Q8CM14","Unannotated","ATP binding [GO:0005524]; ATP hydrolysis activity [GO:0016887]","Unannotated","Intracellular"
"P10539","'de novo' L-methionine biosynthetic process [GO:0071266]; diaminopimelate biosynthetic process [GO:0019877]; isoleucine biosynthetic process [GO:0009097]; lysine biosynthetic process via diaminopimelate [GO:0009089]; threonine biosynthetic process [GO:0009088]","aspartate-semialdehyde dehydrogenase activity [GO:0004073]; NAD binding [GO:0051287]; NADP binding [GO:0050661]; protein dimerization activity [GO:0046983]","Unannotated","Intracellular"
"Q8DVD7","division septum assembly [GO:0000917]; FtsZ-dependent cytokinesis [GO:0043093]","Unannotated","cytoplasm [GO:0005737]","Intracellular"
"Q8CWY0","alanyl-tRNA aminoacylation [GO:0006419]","alanine-tRNA ligase activity [GO:0004813]; aminoacyl-tRNA editing activity [GO:0002161]; ATP binding [GO:0005524]; transferase activity [GO:0016740]; tRNA binding [GO:0000049]; zinc ion binding [GO:0008270]","cytosol [GO:0005829]","Intracellular"
"Q8DW47","Unannotated","Unannotated","Unannotated","Intracellular"
"Q8DSP1","fatty acid biosynthetic process [GO:0006633]; malonyl-CoA biosynthetic process [GO:2001295]","acetyl-CoA carboxylase activity [GO:0003989]; ATP binding [GO:0005524]; carboxyl- or carbamoyltransferase activity [GO:0016743]","acetyl-CoA carboxylase complex [GO:0009317]","Intracellular"
"Q8DU59","Unannotated","FMN binding [GO:0010181]; oxidoreductase activity [GO:0016491]","cytosol [GO:0005829]","Intracellular"
"Q8DW46","glycerol metabolic process [GO:0006071]","glycerone kinase activity [GO:0004371]","Unannotated","Intracellular"
"Q8DSE4","Unannotated","aminopeptidase activity [GO:0004177]; metal ion binding [GO:0046872]","Unannotated","Intracellular"
"Q8DUR8","Unannotated","Unannotated","membrane [GO:0016020]","Intracellular"
"Q8DVN1","Unannotated","Unannotated","Unannotated","Intracellular"
"Q8DTG2","L-leucine biosynthetic process [GO:0009098]","2-isopropylmalate synthase activity [GO:0003852]; acetyl-CoA C-acetyltransferase activity [GO:0003985]; manganese ion binding [GO:0030145]","cytoplasm [GO:0005737]","Intracellular"
"Q8DT23","one-carbon metabolic process [GO:0006730]; S-adenosylmethionine biosynthetic process [GO:0006556]","ATP binding [GO:0005524]; magnesium ion binding [GO:0000287]; methionine adenosyltransferase activity [GO:0004478]","cytosol [GO:0005829]","Intracellular"
"Q8DTB4","Unannotated","Unannotated","Unannotated","Intracellular"
"Q02420","phosphoenolpyruvate-dependent sugar phosphotransferase system [GO:0009401]; phosphorylation [GO:0016310]","kinase activity [GO:0016301]; protein-phosphocysteine-sugar phosphotransferase activity [GO:0090563]","cytoplasm [GO:0005737]; plasma membrane [GO:0005886]","Intracellular"
"Q1LZ67","6-sulfoquinovose(1-) catabolic process [GO:1902777]; D-tagatose 6-phosphate catabolic process [GO:2001059]; lactose catabolic process via tagatose-6-phosphate [GO:0019512]","6-deoxy-6-sulfofructose-1-phosphate aldolase activity [GO:0061595]; tagatose-6-phosphate kinase activity [GO:0009024]; tagatose-bisphosphate aldolase activity [GO:0009025]","Unannotated","Intracellular"
"Q8DUW8","lysyl-tRNA aminoacylation [GO:0006430]","ATP binding [GO:0005524]; lysine-tRNA ligase activity [GO:0004824]; magnesium ion binding [GO:0000287]; transferase activity [GO:0016740]; tRNA binding [GO:0000049]","cytosol [GO:0005829]","Intracellular"
"Q8DTW2","Unannotated","Unannotated","Unannotated","Intracellular"
"Q8DU25","intracellular phosphate ion homeostasis [GO:0030643]; negative regulation of phosphate metabolic process [GO:0045936]; phosphate ion transport [GO:0006817]","Unannotated","cytoplasm [GO:0005737]","Intracellular"
"Q8DW21","cellular response to oxidative stress [GO:0034599]","nucleotide binding [GO:0000166]; oxidoreductase activity [GO:0016491]","Unannotated","Intracellular"
"Q8DUR6","Unannotated","oxidoreductase activity, acting on the CH-OH group of donors, NAD or NADP as acceptor [GO:0016616]","Unannotated","Shared"
"Q8DTH6","Unannotated","Unannotated","plasma membrane [GO:0005886]","Intracellular"
"Q8DRT0","regulation of DNA-templated transcription [GO:0006355]","Unannotated","Unannotated","Intracellular"
"Q8DSF0","intracellular protein transmembrane transport [GO:0065002]; protein import [GO:0017038]; protein targeting [GO:0006605]; protein transport by the Sec complex [GO:0043952]","ATP binding [GO:0005524]; metal ion binding [GO:0046872]; protein-exporting ATPase activity [GO:0008564]","cell envelope Sec protein transport complex [GO:0031522]; cytosol [GO:0005829]; plasma membrane [GO:0005886]","Intracellular"
"Q8DWD5","acetyl-CoA biosynthetic process from pyruvate [GO:0006086]","dihydrolipoyllysine-residue acetyltransferase activity [GO:0004742]","pyruvate dehydrogenase complex [GO:0045254]","Intracellular"
"Q8DSQ7","Unannotated","hydrolase activity [GO:0016787]; metal ion binding [GO:0046872]","Unannotated","Intracellular"
"Q8DTY4","Unannotated","Unannotated","Unannotated","Intracellular"
"Q8DSP6","cell wall organization [GO:0071555]; peptidoglycan biosynthetic process [GO:0009252]","lytic endotransglycosylase activity [GO:0008932]","plasma membrane [GO:0005886]","Intracellular"
"Q8DU84","amino acid transport [GO:0006865]; glycine betaine transport [GO:0031460]","ATP binding [GO:0005524]; ATP hydrolysis activity [GO:0016887]","plasma membrane [GO:0005886]","Intracellular"
"Q8DVE0","FtsZ-dependent cytokinesis [GO:0043093]","Unannotated","cell division site [GO:0032153]; cytoplasmic side of plasma membrane [GO:0009898]","Intracellular"
"Q8DVZ5","DNA-templated DNA replication [GO:0006261]; double-strand break repair [GO:0006302]","3'-5' exonuclease activity [GO:0008408]; 5'-3' exonuclease activity [GO:0008409]; DNA binding [GO:0003677]; DNA-directed DNA polymerase activity [GO:0003887]","Unannotated","Intracellular"
"P95788","proton motive force-driven plasma membrane ATP synthesis [GO:0042777]","ATP binding [GO:0005524]; proton-transporting ATP synthase activity, rotational mechanism [GO:0046933]","plasma membrane [GO:0005886]; proton-transporting ATP synthase complex, catalytic core F(1) [GO:0045261]","Intracellular"
"Q8DU26","peptide catabolic process [GO:0043171]; proteolysis [GO:0006508]","metalloaminopeptidase activity [GO:0070006]; peptide binding [GO:0042277]; zinc ion binding [GO:0008270]","cytoplasm [GO:0005737]","Intracellular"
"Q8DT63","Unannotated","ABC-type amino acid transporter activity [GO:0015424]; ATP binding [GO:0005524]; ATP hydrolysis activity [GO:0016887]","Unannotated","Intracellular"
"Q8DVV7","rRNA 3'-end processing [GO:0031125]","hydrolase activity [GO:0016787]","Unannotated","Intracellular"
"Q8DSI5","Unannotated","RNA binding [GO:0003723]","Unannotated","Intracellular"
"Q8DV43","deoxyribonucleotide biosynthetic process [GO:0009263]","metal ion binding [GO:0046872]; ribonucleoside-diphosphate reductase activity, thioredoxin disulfide as acceptor [GO:0004748]","ribonucleoside-diphosphate reductase complex [GO:0005971]","Intracellular"
"Q8DU92","Unannotated","Unannotated","Unannotated","Intracellular"
"Q8DTM5","Unannotated","deaminase activity [GO:0019239]","cytosol [GO:0005829]","Intracellular"
"Q8DS54","Unannotated","Unannotated","Unannotated","Intracellular"
"Q8DT38","proteolysis [GO:0006508]","initiator methionyl aminopeptidase activity [GO:0004239]; metal ion binding [GO:0046872]; metalloaminopeptidase activity [GO:0070006]","cytosol [GO:0005829]","Intracellular"
"Q8DUS9","Unannotated","ligand-gated monoatomic ion channel activity [GO:0015276]","membrane [GO:0016020]","Intracellular"
"Q8DWB3","translation [GO:0006412]","rRNA binding [GO:0019843]; structural constituent of ribosome [GO:0003735]","cytosolic small ribosomal subunit [GO:0022627]","Intracellular"
"Q8DUI0","cell division [GO:0051301]; proteolysis involved in protein catabolic process [GO:0051603]","ATP binding [GO:0005524]; ATP hydrolysis activity [GO:0016887]; ATP-dependent protein folding chaperone [GO:0140662]; protein dimerization activity [GO:0046983]; unfolded protein binding [GO:0051082]; zinc ion binding [GO:0008270]","HslUV protease complex [GO:0009376]","Intracellular"
"Q8DTV3","Unannotated","Unannotated","Unannotated","Intracellular"
"Q8DT12","threonyl-tRNA aminoacylation [GO:0006435]","ATP binding [GO:0005524]; metal ion binding [GO:0046872]; threonine-tRNA ligase activity [GO:0004829]; transferase activity [GO:0016740]; tRNA binding [GO:0000049]","cytoplasm [GO:0005737]","Intracellular"
"Q8DVS3","Unannotated","DNA binding [GO:0003677]","bacterial nucleoid [GO:0043590]; cytosol [GO:0005829]","Intracellular"
"Q8DT22","Unannotated","Unannotated","Unannotated","Intracellular"
"Q8DTA7","acetoin biosynthetic process [GO:0045151]","acetolactate decarboxylase activity [GO:0047605]","Unannotated","Intracellular"
"Q8DSE5","pyrimidine nucleotide metabolic process [GO:0006220]","dCMP deaminase activity [GO:0004132]; nucleotide binding [GO:0000166]; zinc ion binding [GO:0008270]","Unannotated","Intracellular"
"Q8DWH2","chaperone cofactor-dependent protein refolding [GO:0051085]; DNA replication [GO:0006260]; protein refolding [GO:0042026]; response to heat [GO:0009408]","ATP binding [GO:0005524]; heat shock protein binding [GO:0031072]; unfolded protein binding [GO:0051082]; zinc ion binding [GO:0008270]","cytoplasm [GO:0005737]","Intracellular"
"Q8DVF3","tryptophan metabolic process [GO:0006568]","tryptophan synthase activity [GO:0004834]","cytoplasm [GO:0005737]","Intracellular"
"Q8DVC5","Unannotated","ABC-type amino acid transporter activity [GO:0015424]; ATP binding [GO:0005524]; ATP hydrolysis activity [GO:0016887]","Unannotated","Intracellular"
"P26423","D-allose catabolic process [GO:0019316]; galactose catabolic process [GO:0019388]; lactose catabolic process via tagatose-6-phosphate [GO:0019512]; pentose-phosphate shunt, non-oxidative branch [GO:0009052]","galactose-6-phosphate isomerase activity [GO:0050044]; ribose-5-phosphate isomerase activity [GO:0004751]","Unannotated","Intracellular"
"Q8DUK8","queuosine biosynthetic process [GO:0008616]","6-carboxy-5,6,7,8-tetrahydropterin synthase activity [GO:0070497]; metal ion binding [GO:0046872]","Unannotated","Intracellular"
"Q59935","carbohydrate metabolic process [GO:0005975]","mannose-6-phosphate isomerase activity [GO:0004476]; zinc ion binding [GO:0008270]","Unannotated","Intracellular"
"Q8DVE5","ribosomal large subunit assembly [GO:0000027]","GTP binding [GO:0005525]; GTPase activity [GO:0003924]; ribosome binding [GO:0043022]; rRNA binding [GO:0019843]; tRNA binding [GO:0000049]","cytosol [GO:0005829]; ribonucleoprotein complex [GO:1990904]","Intracellular"
"Q8CWX9","peptide catabolic process [GO:0043171]; proteolysis [GO:0006508]","metallopeptidase activity [GO:0008237]; tripeptide aminopeptidase activity [GO:0045148]; zinc ion binding [GO:0008270]","cytosol [GO:0005829]","Intracellular"
"Q8DSQ4","Unannotated","Unannotated","plasma membrane [GO:0005886]","Intracellular"
"Q8DUS0","Unannotated","Unannotated","membrane [GO:0016020]","Intracellular"
"Q8DTN6","Unannotated","3'(2'),5'-bisphosphate nucleotidase activity [GO:0008441]; exonuclease activity [GO:0004527]; nucleic acid binding [GO:0003676]","Unannotated","Intracellular"
"Q8DSE2","Unannotated","Unannotated","plasma membrane [GO:0005886]","Intracellular"
"Q8DVQ9","Unannotated","Unannotated","Unannotated","Intracellular"
"Q8DSG2","Unannotated","hydrolase activity [GO:0016787]; metal ion binding [GO:0046872]","Unannotated","Intracellular"
"Q8DW89","Unannotated","FMN binding [GO:0010181]; oxidoreductase activity [GO:0016491]","cytosol [GO:0005829]","Intracellular"
"Q8DU64","Unannotated","translation release factor activity, codon specific [GO:0016149]","cytoplasm [GO:0005737]","Intracellular"
"P96995","galactose catabolic process via UDP-galactose [GO:0033499]","UDP-glucose 4-epimerase activity [GO:0003978]","cytosol [GO:0005829]","Intracellular"
"P95803","cell wall organization [GO:0071555]; peptidoglycan biosynthetic process [GO:0009252]; regulation of cell shape [GO:0008360]","ATP binding [GO:0005524]; D-alanine-D-alanine ligase activity [GO:0008716]; metal ion binding [GO:0046872]","cytosol [GO:0005829]","Intracellular"
"Q8DUT7","amino acid transport [GO:0006865]; nitrogen compound transport [GO:0071705]","ligand-gated monoatomic ion channel activity [GO:0015276]","ATP-binding cassette (ABC) transporter complex [GO:0043190]","Intracellular"
"O07329","Unannotated","DNA-binding transcription factor activity [GO:0003700]; transcription cis-regulatory region binding [GO:0000976]","Unannotated","Intracellular"
"Q8DVY6","diaminopimelate biosynthetic process [GO:0019877]; lysine biosynthetic process via diaminopimelate [GO:0009089]","N-acetyldiaminopimelate deacetylase activity [GO:0050118]","Unannotated","Intracellular"
"Q8DV90","response to cold [GO:0009409]; RNA catabolic process [GO:0006401]; RNA secondary structure unwinding [GO:0010501]","ATP binding [GO:0005524]; ATP hydrolysis activity [GO:0016887]; RNA helicase activity [GO:0003724]; RNA strand annealing activity [GO:0033592]","cytosol [GO:0005829]; ribosome [GO:0005840]","Intracellular"
"Q8CWY9","ammonia assimilation cycle [GO:0019676]; glutamate biosynthetic process [GO:0006537]","3 iron, 4 sulfur cluster binding [GO:0051538]; glutamate synthase (NADPH) activity [GO:0004355]; metal ion binding [GO:0046872]","Unannotated","Intracellular"
"Q8DT52","glycogen biosynthetic process [GO:0005978]","1,4-alpha-glucan branching enzyme activity [GO:0003844]; cation binding [GO:0043169]; hydrolase activity, hydrolyzing O-glycosyl compounds [GO:0004553]","cytosol [GO:0005829]","Intracellular"
"Q8DRS8","translation [GO:0006412]","rRNA binding [GO:0019843]; structural constituent of ribosome [GO:0003735]","cytosolic large ribosomal subunit [GO:0022625]","Intracellular"
"Q8DSD3","Unannotated","oxidoreductase activity [GO:0016491]; zinc ion binding [GO:0008270]","Unannotated","Intracellular"
"P12655","phosphoenolpyruvate-dependent sugar phosphotransferase system [GO:0009401]; phosphorylation [GO:0016310]; trehalose transport [GO:0015771]","kinase activity [GO:0016301]; protein-N(PI)-phosphohistidine-sucrose phosphotransferase system transporter activity [GO:0022878]; protein-phosphocysteine-trehalose phosphotransferase system transporter activity [GO:0090589]","plasma membrane [GO:0005886]","Intracellular"
"I6L8Z8","Unannotated","sorbitol-6-phosphate 2-dehydrogenase activity [GO:0009010]","Unannotated","Intracellular"
"I6L910","phosphoenolpyruvate-dependent sugar phosphotransferase system [GO:0009401]","protein-N(PI)-phosphohistidine-sugar phosphotransferase activity [GO:0008982]","Unannotated","Intracellular"
"Q8DT79","methionine biosynthetic process [GO:0009086]","5-methyltetrahydropteroyltriglutamate-homocysteine S-methyltransferase activity [GO:0003871]; zinc ion binding [GO:0008270]","Unannotated","Intracellular"
"Q8DVP8","maturation of SSU-rRNA [GO:0030490]","ribosomal small subunit binding [GO:0043024]","cytosol [GO:0005829]","Intracellular"
"Q8DUJ6","porphyrin-containing compound biosynthetic process [GO:0006779]","uroporphyrinogen decarboxylase activity [GO:0004853]","Unannotated","Intracellular"
"Q8DRQ6","proteolysis [GO:0006508]","metallopeptidase activity [GO:0008237]; serine-type endopeptidase activity [GO:0004252]","membrane [GO:0016020]","Intracellular"
"Q53526","lipoteichoic acid biosynthetic process [GO:0070395]","ATP binding [GO:0005524]; D-alanine [D-alanyl carrier protein] ligase activity [GO:0047473]","cytoplasm [GO:0005737]","Intracellular"
"Q8DV63","Unannotated","lipase activity [GO:0016298]","Unannotated","Intracellular"
"Q8DWD3","protein lipoylation [GO:0009249]","ATP binding [GO:0005524]; lipoate-protein ligase activity [GO:0016979]; lipoyltransferase activity [GO:0017118]","cytoplasm [GO:0005737]","Intracellular"
"Q8DW28","iron-sulfur cluster assembly [GO:0016226]","Unannotated","Unannotated","Intracellular"
"P10249","carbohydrate metabolic process [GO:0005975]","sucrose phosphorylase activity [GO:0009018]","cytoplasm [GO:0005737]","Intracellular"
"Q8DTL0","cell division [GO:0051301]","ATP binding [GO:0005524]; ATP hydrolysis activity [GO:0016887]; transmembrane transporter activity [GO:0022857]","plasma membrane [GO:0005886]","Intracellular"
"Q8DS76","phosphoenolpyruvate-dependent sugar phosphotransferase system [GO:0009401]","transferase activity [GO:0016740]","membrane [GO:0016020]","Intracellular"
"Q8DTJ5","amino acid activation for nonribosomal peptide biosynthetic process [GO:0043041]; antibiotic biosynthetic process [GO:0017000]; secondary metabolite biosynthetic process [GO:0044550]","catalytic activity [GO:0003824]; phosphopantetheine binding [GO:0031177]","cytosol [GO:0005829]","Intracellular"
"Q8DSP2","Unannotated","ATP binding [GO:0005524]; ATP-dependent chromatin remodeler activity [GO:0140658]; DNA binding [GO:0003677]; helicase activity [GO:0004386]; hydrolase activity [GO:0016787]; zinc ion binding [GO:0008270]","Unannotated","Intracellular"
"Q8DWN8","DNA strand elongation involved in DNA replication [GO:0006271]","3'-5' exonuclease activity [GO:0008408]; DNA binding [GO:0003677]; DNA-directed DNA polymerase activity [GO:0003887]","cytoplasm [GO:0005737]; DNA polymerase III complex [GO:0009360]","Intracellular"
"Q8DUG0","folic acid biosynthetic process [GO:0046656]; tetrahydrofolate biosynthetic process [GO:0046654]","dihydroneopterin aldolase activity [GO:0004150]","cytoplasm [GO:0005737]","Intracellular"
"Q8DVI6","Unannotated","Unannotated","membrane [GO:0016020]","Intracellular"
"Q8DSN8","fatty acid biosynthetic process [GO:0006633]; lipid A biosynthetic process [GO:0009245]","(3R)-hydroxyacyl-[acyl-carrier-protein] dehydratase activity [GO:0019171]","cytoplasm [GO:0005737]","Intracellular"
"Q8DVA1","'de novo' pyrimidine nucleobase biosynthetic process [GO:0006207]; 'de novo' UMP biosynthetic process [GO:0044205]","dihydroorotate dehydrogenase (fumarate) activity [GO:1990663]; nucleotide binding [GO:0000166]","cytoplasm [GO:0005737]","Intracellular"
"Q8DVK1","cell division [GO:0051301]; peptidyl-serine phosphorylation [GO:0018105]","ATP binding [GO:0005524]; histone H2AS1 kinase activity [GO:0044024]","plasma membrane [GO:0005886]","Intracellular"
"Q54431","SRP-dependent cotranslational protein targeting to membrane [GO:0006614]","7S RNA binding [GO:0008312]; ATP hydrolysis activity [GO:0016887]; GTP binding [GO:0005525]; GTPase activity [GO:0003924]","signal recognition particle [GO:0048500]","Intracellular"
"Q8DVZ4","Unannotated","Unannotated","Unannotated","Intracellular"
"Q8DW30","cysteine metabolic process [GO:0006534]","cysteine desulfurase activity [GO:0031071]; pyridoxal phosphate binding [GO:0030170]; transaminase activity [GO:0008483]","Unannotated","Intracellular"
"Q8DUS5","dTDP-rhamnose biosynthetic process [GO:0019305]; extracellular polysaccharide biosynthetic process [GO:0045226]","dTDP-4-dehydrorhamnose reductase activity [GO:0008831]","cytosol [GO:0005829]","Intracellular"
"I6L8Y8","Unannotated","Unannotated","Unannotated","Shared"
"Q8DUE8","Unannotated","Unannotated","Unannotated","Intracellular"
"Q8DV22","ribosome disassembly [GO:0032790]","ribosome binding [GO:0043022]; translation initiation factor activity [GO:0003743]","cytosol [GO:0005829]; membrane [GO:0016020]","Intracellular"
"Q8DUW6","Unannotated","metal ion binding [GO:0046872]","plasma membrane [GO:0005886]","Intracellular"
"P08987","glucan biosynthetic process [GO:0009250]","dextransucrase activity [GO:0047849]; glucosyltransferase activity [GO:0046527]","extracellular region [GO:0005576]","Intracellular"
"P26425","6-sulfoquinovose(1-) catabolic process [GO:1902777]; D-tagatose 6-phosphate catabolic process [GO:2001059]; lactose catabolic process via tagatose-6-phosphate [GO:0019512]","6-deoxy-6-sulfofructose-1-phosphate aldolase activity [GO:0061595]; tagatose-6-phosphate kinase activity [GO:0009024]; tagatose-bisphosphate aldolase activity [GO:0009025]","Unannotated","Intracellular"
"Q8DWD8","Unannotated","FMN binding [GO:0010181]; oxidoreductase activity [GO:0016491]","cytosol [GO:0005829]","Intracellular"
"Q8DWJ7","'de novo' IMP biosynthetic process [GO:0006189]; purine nucleobase biosynthetic process [GO:0009113]","ATP binding [GO:0005524]; metal ion binding [GO:0046872]; phosphoribosylamine-glycine ligase activity [GO:0004637]","Unannotated","Intracellular"
"Q8DU85","choline transport [GO:0015871]; glycine betaine transport [GO:0031460]","amine transmembrane transporter activity [GO:0005275]; carnitine transmembrane transporter activity [GO:0015226]","ATP-binding cassette (ABC) transporter complex [GO:0043190]","Intracellular"
"Q8DW14","'de novo' AMP biosynthetic process [GO:0044208]; IMP metabolic process [GO:0046040]","adenylosuccinate synthase activity [GO:0004019]; GTP binding [GO:0005525]; magnesium ion binding [GO:0000287]","cytoplasm [GO:0005737]","Intracellular"
"Q8DV42","deoxyribonucleotide biosynthetic process [GO:0009263]","ATP binding [GO:0005524]; ribonucleoside-diphosphate reductase activity, thioredoxin disulfide as acceptor [GO:0004748]","ribonucleoside-diphosphate reductase complex [GO:0005971]","Intracellular"
"Q8DS32","protein transport by the Sec complex [GO:0043952]; SRP-dependent cotranslational protein targeting to membrane, translocation [GO:0006616]","protein transmembrane transporter activity [GO:0008320]; signal sequence binding [GO:0005048]","cell envelope Sec protein transport complex [GO:0031522]; plasma membrane [GO:0005886]","Intracellular"
"Q8DTB0","Unannotated","Unannotated","Unannotated","Intracellular"
"Q8DSR8","Unannotated","riboflavin transmembrane transporter activity [GO:0032217]","plasma membrane [GO:0005886]","Intracellular"
"Q8DVK7","mRNA catabolic process [GO:0006402]","RNA binding [GO:0003723]; RNA endonuclease activity [GO:0004521]","plasma membrane [GO:0005886]","Intracellular"
"Q8DSY7","rRNA processing [GO:0006364]","metalloendopeptidase activity [GO:0004222]; RNA endonuclease activity [GO:0004521]; zinc ion binding [GO:0008270]","cytoplasm [GO:0005737]","Intracellular"
"Q8DVI7","Unannotated","Unannotated","membrane [GO:0016020]","Intracellular"
"Q8DT57","cell division [GO:0051301]; cell wall organization [GO:0071555]; peptidoglycan biosynthetic process [GO:0009252]; regulation of cell shape [GO:0008360]; UDP-N-acetylgalactosamine biosynthetic process [GO:0019277]","UDP-N-acetylglucosamine 1-carboxyvinyltransferase activity [GO:0008760]","cytoplasm [GO:0005737]","Intracellular"
"Q8DVC8","Unannotated","Unannotated","Unannotated","Intracellular"
"Q8DSP0","fatty acid biosynthetic process [GO:0006633]; malonyl-CoA biosynthetic process [GO:2001295]","acetyl-CoA carboxylase activity [GO:0003989]; ATP binding [GO:0005524]; carboxyl- or carbamoyltransferase activity [GO:0016743]; zinc ion binding [GO:0008270]","acetyl-CoA carboxylase complex [GO:0009317]","Intracellular"
"Q8DWC2","peptidyl-methionine modification [GO:0018206]; translation [GO:0006412]","metal ion binding [GO:0046872]; peptide deformylase activity [GO:0042586]","Unannotated","Intracellular"
"Q8DVY1","Unannotated","carbonate dehydratase activity [GO:0004089]; zinc ion binding [GO:0008270]","Unannotated","Intracellular"
"P11000","cell adhesion [GO:0007155]","collagen binding [GO:0005518]","extracellular region [GO:0005576]","Intracellular"
"Q8DWE7","phosphoenolpyruvate-dependent sugar phosphotransferase system [GO:0009401]","carbohydrate:proton symporter activity [GO:0005351]; protein-N(PI)-phosphohistidine-fructose phosphotransferase system transporter activity [GO:0022877]; protein-phosphocysteine-sugar phosphotransferase activity [GO:0090563]","plasma membrane [GO:0005886]","Intracellular"
"Q8DVR2","Unannotated","purine nucleobase transmembrane transporter activity [GO:0005345]","plasma membrane [GO:0005886]","Intracellular"
"Q8DSY3","Unannotated","nucleic acid binding [GO:0003676]","Unannotated","Intracellular"
"Q8DTP6","Unannotated","DNA binding [GO:0003677]; DNA-binding transcription factor activity [GO:0003700]","Unannotated","Intracellular"
"Q8DSU5","Unannotated","Unannotated","Unannotated","Intracellular"
"P95786","Unannotated","proton-transporting ATP synthase activity, rotational mechanism [GO:0046933]","plasma membrane [GO:0005886]; proton-transporting ATP synthase complex, catalytic core F(1) [GO:0045261]","Intracellular"
"Q8DVS0","Unannotated","Unannotated","Unannotated","Intracellular"
"Q8DWM8","GMP salvage [GO:0032263]; guanine salvage [GO:0006178]; hypoxanthine metabolic process [GO:0046100]; IMP salvage [GO:0032264]; purine ribonucleoside salvage [GO:0006166]","guanine phosphoribosyltransferase activity [GO:0052657]; hypoxanthine phosphoribosyltransferase activity [GO:0004422]; magnesium ion binding [GO:0000287]; nucleotide binding [GO:0000166]","cytosol [GO:0005829]","Intracellular"
"Q8DTB3","rRNA processing [GO:0006364]","5'-3' RNA exonuclease activity [GO:0004534]; RNA binding [GO:0003723]; RNA endonuclease activity [GO:0004521]; zinc ion binding [GO:0008270]","cytoplasm [GO:0005737]","Intracellular"
"Q8DUX4","proteolysis [GO:0006508]","peptidase activity [GO:0008233]","Unannotated","Intracellular"
"Q8DTX9","signal peptide processing [GO:0006465]","serine-type endopeptidase activity [GO:0004252]","plasma membrane [GO:0005886]","Intracellular"
"Q8DTM2","asparaginyl-tRNA aminoacylation [GO:0006421]","asparagine-tRNA ligase activity [GO:0004816]; ATP binding [GO:0005524]; nucleic acid binding [GO:0003676]; transferase activity [GO:0016740]","cytoplasm [GO:0005737]","Intracellular"
"Q8DSW8","methionyl-tRNA aminoacylation [GO:0006431]","ATP binding [GO:0005524]; methionine-tRNA ligase activity [GO:0004825]; tRNA binding [GO:0000049]","cytoplasm [GO:0005737]","Intracellular"
"Q8DV06","Unannotated","magnesium ion binding [GO:0000287]; phosphatase activity [GO:0016791]","cytosol [GO:0005829]","Intracellular"
"Q8DUW3","amino acid biosynthetic process [GO:0008652]; aromatic amino acid family biosynthetic process [GO:0009073]; chorismate biosynthetic process [GO:0009423]; shikimate metabolic process [GO:0019632]","NADP binding [GO:0050661]; shikimate 3-dehydrogenase (NADP+) activity [GO:0004764]","cytosol [GO:0005829]","Intracellular"
"Q8DUW2","amino acid biosynthetic process [GO:0008652]; aromatic amino acid family biosynthetic process [GO:0009073]; chorismate biosynthetic process [GO:0009423]","3-dehydroquinate synthase activity [GO:0003856]; metal ion binding [GO:0046872]; nucleotide binding [GO:0000166]","cytoplasm [GO:0005737]","Intracellular"
"Q8DSM0","maintenance of CRISPR repeat elements [GO:0043571]","Unannotated","Unannotated","Intracellular"
"Q8DSX2","cell morphogenesis [GO:0000902]; cell wall organization [GO:0071555]; lipid A biosynthetic process [GO:0009245]; peptidoglycan biosynthetic process [GO:0009252]; regulation of cell shape [GO:0008360]; UDP-N-acetylglucosamine biosynthetic process [GO:0006048]","glucosamine-1-phosphate N-acetyltransferase activity [GO:0019134]; magnesium ion binding [GO:0000287]; UDP-N-acetylglucosamine diphosphorylase activity [GO:0003977]","cytoplasm [GO:0005737]","Intracellular"
"Q8DW42","isoleucine biosynthetic process [GO:0009097]; L-serine catabolic process [GO:0006565]; threonine catabolic process [GO:0006567]","L-serine ammonia-lyase activity [GO:0003941]; pyridoxal phosphate binding [GO:0030170]; threonine deaminase activity [GO:0004794]","Unannotated","Intracellular"
"Q8DSN2","fatty acid biosynthetic process [GO:0006633]","3-oxoacyl-[acyl-carrier-protein] synthase activity [GO:0004315]; beta-ketoacyl-acyl-carrier-protein synthase III activity [GO:0033818]","cytoplasm [GO:0005737]","Intracellular"
"Q8DWJ5","'de novo' IMP biosynthetic process [GO:0006189]","5-(carboxyamino)imidazole ribonucleotide mutase activity [GO:0034023]; lyase activity [GO:0016829]","Unannotated","Intracellular"
"Q8DUU7","Unannotated","Unannotated","Unannotated","Intracellular"
"Q8CWW2","histidyl-tRNA aminoacylation [GO:0006427]","ATP binding [GO:0005524]; histidine-tRNA ligase activity [GO:0004821]; transferase activity [GO:0016740]","cytoplasm [GO:0005737]","Intracellular"
"Q8DSN1","Unannotated","DNA-binding transcription factor activity [GO:0003700]","Unannotated","Intracellular"
"Q8DVD8","Unannotated","pyridoxal phosphate binding [GO:0030170]","Unannotated","Intracellular"
"P95790","Unannotated","ATP binding [GO:0005524]; proton-transporting ATP synthase activity, rotational mechanism [GO:0046933]","plasma membrane [GO:0005886]; proton-transporting ATP synthase complex, catalytic core F(1) [GO:0045261]","Intracellular"
"Q8DW05","proteolysis [GO:0006508]; single-species submerged biofilm formation [GO:0090609]","ABC-type bacteriocin transporter activity [GO:0043214]; ATP binding [GO:0005524]; ATP hydrolysis activity [GO:0016887]; ATPase-coupled lipid transmembrane transporter activity [GO:0034040]; cysteine-type peptidase activity [GO:0008234]; metal ion binding [GO:0046872]","membrane [GO:0016020]","Intracellular"
"Q8DU81","glutamine metabolic process [GO:0006541]","ATP binding [GO:0005524]; GMP synthase activity [GO:0003921]","cytosol [GO:0005829]","Intracellular"
"Q8DUP2","Unannotated","Unannotated","Unannotated","Intracellular"
"Q8DT62","Unannotated","Unannotated","outer membrane-bounded periplasmic space [GO:0030288]","Intracellular"
"Q8CWZ3","protein refolding [GO:0042026]","protein folding chaperone [GO:0044183]; unfolded protein binding [GO:0051082]","cytoplasm [GO:0005737]","Intracellular"
"Q8CWY5","arginyl-tRNA aminoacylation [GO:0006420]; glycyl-tRNA aminoacylation [GO:0006426]","arginine-tRNA ligase activity [GO:0004814]; ATP binding [GO:0005524]; glycine-tRNA ligase activity [GO:0004820]","cytosol [GO:0005829]","Intracellular"
"Q8DW29","intracellular iron ion homeostasis [GO:0006879]; iron-sulfur cluster assembly [GO:0016226]","2 iron, 2 sulfur cluster binding [GO:0051537]; ferrous iron binding [GO:0008198]","cytoplasm [GO:0005737]","Intracellular"
"Q8DSP4","cell division [GO:0051301]; cell wall organization [GO:0071555]; peptidoglycan biosynthetic process [GO:0009252]; regulation of cell shape [GO:0008360]","ATP binding [GO:0005524]; UDP-N-acetylmuramate-L-alanine ligase activity [GO:0008763]","cytoplasm [GO:0005737]","Intracellular"
"Q8DTC6","carbohydrate metabolic process [GO:0005975]; peptidoglycan biosynthetic process [GO:0009252]; UDP-N-acetylglucosamine biosynthetic process [GO:0006048]","magnesium ion binding [GO:0000287]; phosphoglucosamine mutase activity [GO:0008966]; phosphomannomutase activity [GO:0004615]","cytosol [GO:0005829]","Intracellular"
"Q8DUN9","translation [GO:0006412]","structural constituent of ribosome [GO:0003735]","cytoplasm [GO:0005737]; small ribosomal subunit [GO:0015935]","Intracellular"
"Q8DV24","Unannotated","Unannotated","membrane [GO:0016020]","Intracellular"
"Q8DTV1","'de novo' pyrimidine nucleobase biosynthetic process [GO:0006207]; 'de novo' UMP biosynthetic process [GO:0044205]","orotidine-5'-phosphate decarboxylase activity [GO:0004590]","cytosol [GO:0005829]","Intracellular"
"Q8DST7","negative regulation of DNA-templated transcription [GO:0045892]; protein quality control for misfolded or incompletely synthesized proteins [GO:0006515]","ATP-dependent peptidase activity [GO:0004176]; ATPase binding [GO:0051117]; serine-type endopeptidase activity [GO:0004252]","cytoplasm [GO:0005737]; endopeptidase Clp complex [GO:0009368]","Intracellular"
"Q8DSS4","lipoteichoic acid biosynthetic process [GO:0070395]","Unannotated","plasma membrane [GO:0005886]","Intracellular"
"Q8DUP4","'de novo' pyrimidine nucleobase biosynthetic process [GO:0006207]; 'de novo' UMP biosynthetic process [GO:0044205]; arginine biosynthetic process [GO:0006526]; glutamine metabolic process [GO:0006541]","ATP binding [GO:0005524]; carbamoyl-phosphate synthase (glutamine-hydrolyzing) activity [GO:0004088]; glutaminase activity [GO:0004359]","carbamoyl-phosphate synthase complex [GO:0005951]","Intracellular"
"Q8DW36","Unannotated","ABC-type amino acid transporter activity [GO:0015424]; ATP binding [GO:0005524]; ATP hydrolysis activity [GO:0016887]","Unannotated","Intracellular"
"Q93D83","carbohydrate metabolic process [GO:0005975]; glycerol-3-phosphate biosynthetic process [GO:0046167]; glycerol-3-phosphate catabolic process [GO:0046168]; glycerophospholipid metabolic process [GO:0006650]; phospholipid biosynthetic process [GO:0008654]","glycerol-3-phosphate dehydrogenase (NADP+) activity [GO:0141153]; glycerol-3-phosphate dehydrogenase [NAD(P)+] activity [GO:0047952]; NAD binding [GO:0051287]","cytosol [GO:0005829]","Intracellular"
"Q8DUD3","DNA topological change [GO:0006265]","DNA binding [GO:0003677]; DNA topoisomerase type I (single strand cut, ATP-independent) activity [GO:0003917]; metal ion binding [GO:0046872]","chromosome [GO:0005694]","Intracellular"
"Q1LZ62","cell redox homeostasis [GO:0045454]","ferredoxin-NADP+ reductase activity [GO:0004324]; flavin adenine dinucleotide binding [GO:0050660]; NADP binding [GO:0050661]; thioredoxin-disulfide reductase (NADPH) activity [GO:0004791]","Unannotated","Intracellular"
"P72479","peptide transport [GO:0015833]; protein transport [GO:0015031]","ATP binding [GO:0005524]; ATP hydrolysis activity [GO:0016887]","plasma membrane [GO:0005886]","Intracellular"
"Q8DTJ2","fatty acid biosynthetic process [GO:0006633]","adenylyltransferase activity [GO:0070566]","plasma membrane [GO:0005886]","Intracellular"
"Q8DV23","nucleobase-containing small molecule interconversion [GO:0015949]; phosphorylation [GO:0016310]; pyrimidine nucleotide metabolic process [GO:0006220]","ATP binding [GO:0005524]; CMP kinase activity [GO:0036430]; dCMP kinase activity [GO:0036431]","cytosol [GO:0005829]","Intracellular"
"Q7ZAK9","cell division [GO:0051301]; chromosome separation [GO:0051304]; DNA replication [GO:0006260]","Unannotated","cytoplasm [GO:0005737]","Intracellular"
"Q8DTA6","butanediol metabolic process [GO:0034077]; isoleucine biosynthetic process [GO:0009097]; valine biosynthetic process [GO:0009099]","acetolactate synthase activity [GO:0003984]; flavin adenine dinucleotide binding [GO:0050660]; magnesium ion binding [GO:0000287]; thiamine pyrophosphate binding [GO:0030976]","acetolactate synthase complex [GO:0005948]","Intracellular"
